Generación,Costo,Permutación
1,2.12459e+06,27 21 8 12 20 9 19 16 17 18 26 2 24 5 3 6 22 28 1 10 15 0 13 23 14 11 25 29 7 4 
2,2.1131e+06,17 6 27 8 4 13 22 15 28 9 0 1 29 5 25 11 24 18 26 7 10 23 16 2 21 14 19 12 20 3 
3,2.1043e+06,8 23 27 15 3 21 24 1 11 13 20 14 7 26 19 22 0 10 4 16 17 29 28 5 18 12 25 9 6 2 
4,2.0815e+06,20 25 13 10 6 14 24 1 27 9 16 23 18 2 19 7 15 21 12 22 4 8 26 29 5 3 11 0 17 28 
5,2.0815e+06,20 25 13 10 6 14 24 1 27 9 16 23 18 2 19 7 15 21 12 22 4 8 26 29 5 3 11 0 17 28 
6,2.0815e+06,20 25 13 10 6 14 24 1 27 9 16 23 18 2 19 7 15 21 12 22 4 8 26 29 5 3 11 0 17 28 
7,2.0815e+06,20 25 13 10 6 14 24 1 27 9 16 23 18 2 19 7 15 21 12 22 4 8 26 29 5 3 11 0 17 28 
8,2.0815e+06,20 25 13 10 6 14 24 1 27 9 16 23 18 2 19 7 15 21 12 22 4 8 26 29 5 3 11 0 17 28 
9,2.0815e+06,20 25 13 10 6 14 24 1 27 9 16 23 18 2 19 7 15 21 12 22 4 8 26 29 5 3 11 0 17 28 
10,2.0815e+06,20 25 13 10 6 14 24 1 27 9 16 23 18 2 19 7 15 21 12 22 4 8 26 29 5 3 11 0 17 28 
11,2.0815e+06,20 25 13 10 6 14 24 1 27 9 16 23 18 2 19 7 15 21 12 22 4 8 26 29 5 3 11 0 17 28 
12,2.0815e+06,20 25 13 10 6 14 24 1 27 9 16 23 18 2 19 7 15 21 12 22 4 8 26 29 5 3 11 0 17 28 
13,2.0815e+06,20 25 13 10 6 14 24 1 27 9 16 23 18 2 19 7 15 21 12 22 4 8 26 29 5 3 11 0 17 28 
14,2.0815e+06,20 25 13 10 6 14 24 1 27 9 16 23 18 2 19 7 15 21 12 22 4 8 26 29 5 3 11 0 17 28 
15,2.0815e+06,20 25 13 10 6 14 24 1 27 9 16 23 18 2 19 7 15 21 12 22 4 8 26 29 5 3 11 0 17 28 
16,2.0815e+06,20 25 13 10 6 14 24 1 27 9 16 23 18 2 19 7 15 21 12 22 4 8 26 29 5 3 11 0 17 28 
17,2.0815e+06,20 25 13 10 6 14 24 1 27 9 16 23 18 2 19 7 15 21 12 22 4 8 26 29 5 3 11 0 17 28 
18,2.0815e+06,20 25 13 10 6 14 24 1 27 9 16 23 18 2 19 7 15 21 12 22 4 8 26 29 5 3 11 0 17 28 
19,2.0815e+06,20 25 13 10 6 14 24 1 27 9 16 23 18 2 19 7 15 21 12 22 4 8 26 29 5 3 11 0 17 28 
20,2.0815e+06,20 25 13 10 6 14 24 1 27 9 16 23 18 2 19 7 15 21 12 22 4 8 26 29 5 3 11 0 17 28 
21,2.0815e+06,20 25 13 10 6 14 24 1 27 9 16 23 18 2 19 7 15 21 12 22 4 8 26 29 5 3 11 0 17 28 
22,2.0815e+06,20 25 13 10 6 14 24 1 27 9 16 23 18 2 19 7 15 21 12 22 4 8 26 29 5 3 11 0 17 28 
23,2.0815e+06,20 25 13 10 6 14 24 1 27 9 16 23 18 2 19 7 15 21 12 22 4 8 26 29 5 3 11 0 17 28 
24,2.0815e+06,20 25 13 10 6 14 24 1 27 9 16 23 18 2 19 7 15 21 12 22 4 8 26 29 5 3 11 0 17 28 
25,2.0815e+06,20 25 13 10 6 14 24 1 27 9 16 23 18 2 19 7 15 21 12 22 4 8 26 29 5 3 11 0 17 28 
26,2.0815e+06,20 25 13 10 6 14 24 1 27 9 16 23 18 2 19 7 15 21 12 22 4 8 26 29 5 3 11 0 17 28 
27,2.0815e+06,20 25 13 10 6 14 24 1 27 9 16 23 18 2 19 7 15 21 12 22 4 8 26 29 5 3 11 0 17 28 
28,2.08037e+06,25 9 4 1 14 22 27 24 6 10 0 8 13 19 7 20 21 16 29 18 2 26 3 23 15 11 17 28 12 5 
29,2.07611e+06,20 25 13 2 6 14 24 1 27 10 9 23 11 18 19 7 15 21 12 22 4 16 26 29 5 8 3 0 17 28 
30,2.07611e+06,20 25 13 2 6 14 24 1 27 10 9 23 11 18 19 7 15 21 12 22 4 16 26 29 5 8 3 0 17 28 
31,2.07611e+06,20 25 13 2 6 14 24 1 27 10 9 23 11 18 19 7 15 21 12 22 4 16 26 29 5 8 3 0 17 28 
32,2.07611e+06,20 25 13 2 6 14 24 1 27 10 9 23 11 18 19 7 15 21 12 22 4 16 26 29 5 8 3 0 17 28 
33,2.07611e+06,20 25 13 2 6 14 24 1 27 10 9 23 11 18 19 7 15 21 12 22 4 16 26 29 5 8 3 0 17 28 
34,2.07611e+06,20 25 13 2 6 14 24 1 27 10 9 23 11 18 19 7 15 21 12 22 4 16 26 29 5 8 3 0 17 28 
35,2.07611e+06,20 25 13 2 6 14 24 1 27 10 9 23 11 18 19 7 15 21 12 22 4 16 26 29 5 8 3 0 17 28 
36,2.07611e+06,20 25 13 2 6 14 24 1 27 10 9 23 11 18 19 7 15 21 12 22 4 16 26 29 5 8 3 0 17 28 
37,2.07611e+06,20 25 13 2 6 14 24 1 27 10 9 23 11 18 19 7 15 21 12 22 4 16 26 29 5 8 3 0 17 28 
38,2.07611e+06,20 25 13 2 6 14 24 1 27 10 9 23 11 18 19 7 15 21 12 22 4 16 26 29 5 8 3 0 17 28 
39,2.07611e+06,20 25 13 2 6 14 24 1 27 10 9 23 11 18 19 7 15 21 12 22 4 16 26 29 5 8 3 0 17 28 
40,2.07611e+06,20 25 13 2 6 14 24 1 27 10 9 23 11 18 19 7 15 21 12 22 4 16 26 29 5 8 3 0 17 28 
41,2.07611e+06,20 25 13 2 6 14 24 1 27 10 9 23 11 18 19 7 15 21 12 22 4 16 26 29 5 8 3 0 17 28 
42,2.07611e+06,20 25 13 2 6 14 24 1 27 10 9 23 11 18 19 7 15 21 12 22 4 16 26 29 5 8 3 0 17 28 
43,2.07611e+06,20 25 13 2 6 14 24 1 27 10 9 23 11 18 19 7 15 21 12 22 4 16 26 29 5 8 3 0 17 28 
44,2.07611e+06,20 25 13 2 6 14 24 1 27 10 9 23 11 18 19 7 15 21 12 22 4 16 26 29 5 8 3 0 17 28 
45,2.07611e+06,20 25 13 2 6 14 24 1 27 10 9 23 11 18 19 7 15 21 12 22 4 16 26 29 5 8 3 0 17 28 
46,2.07611e+06,20 25 13 2 6 14 24 1 27 10 9 23 11 18 19 7 15 21 12 22 4 16 26 29 5 8 3 0 17 28 
47,2.07611e+06,20 25 13 2 6 14 24 1 27 10 9 23 11 18 19 7 15 21 12 22 4 16 26 29 5 8 3 0 17 28 
48,2.07611e+06,20 25 13 2 6 14 24 1 27 10 9 23 11 18 19 7 15 21 12 22 4 16 26 29 5 8 3 0 17 28 
49,2.07611e+06,20 25 13 2 6 14 24 1 27 10 9 23 11 18 19 7 15 21 12 22 4 16 26 29 5 8 3 0 17 28 
50,2.07611e+06,20 25 13 2 6 14 24 1 27 10 9 23 11 18 19 7 15 21 12 22 4 16 26 29 5 8 3 0 17 28 
51,2.07611e+06,20 25 13 2 6 14 24 1 27 10 9 23 11 18 19 7 15 21 12 22 4 16 26 29 5 8 3 0 17 28 
52,2.07611e+06,20 25 13 2 6 14 24 1 27 10 9 23 11 18 19 7 15 21 12 22 4 16 26 29 5 8 3 0 17 28 
53,2.0657e+06,20 27 13 2 25 9 24 6 4 10 14 23 11 18 19 7 15 21 12 1 29 16 26 8 5 22 3 0 17 28 
54,2.0657e+06,20 27 13 2 25 9 24 6 4 10 14 23 11 18 19 7 15 21 12 1 29 16 26 8 5 22 3 0 17 28 
55,2.0657e+06,20 27 13 2 25 9 24 6 4 10 14 23 11 18 19 7 15 21 12 1 29 16 26 8 5 22 3 0 17 28 
56,2.0657e+06,20 27 13 2 25 9 24 6 4 10 14 23 11 18 19 7 15 21 12 1 29 16 26 8 5 22 3 0 17 28 
57,2.0657e+06,20 27 13 2 25 9 24 6 4 10 14 23 11 18 19 7 15 21 12 1 29 16 26 8 5 22 3 0 17 28 
58,2.0657e+06,20 27 13 2 25 9 24 6 4 10 14 23 11 18 19 7 15 21 12 1 29 16 26 8 5 22 3 0 17 28 
59,2.0657e+06,20 27 13 2 25 9 24 6 4 10 14 23 11 18 19 7 15 21 12 1 29 16 26 8 5 22 3 0 17 28 
60,2.0657e+06,20 27 13 2 25 9 24 6 4 10 14 23 11 18 19 7 15 21 12 1 29 16 26 8 5 22 3 0 17 28 
61,2.0657e+06,20 27 13 2 25 9 24 6 4 10 14 23 11 18 19 7 15 21 12 1 29 16 26 8 5 22 3 0 17 28 
62,2.0657e+06,20 27 13 2 25 9 24 6 4 10 14 23 11 18 19 7 15 21 12 1 29 16 26 8 5 22 3 0 17 28 
63,2.0657e+06,20 27 13 2 25 9 24 6 4 10 14 23 11 18 19 7 15 21 12 1 29 16 26 8 5 22 3 0 17 28 
64,2.0657e+06,20 27 13 2 25 9 24 6 4 10 14 23 11 18 19 7 15 21 12 1 29 16 26 8 5 22 3 0 17 28 
65,2.0657e+06,20 27 13 2 25 9 24 6 4 10 14 23 11 18 19 7 15 21 12 1 29 16 26 8 5 22 3 0 17 28 
66,2.0657e+06,20 27 13 2 25 9 24 6 4 10 14 23 11 18 19 7 15 21 12 1 29 16 26 8 5 22 3 0 17 28 
67,2.0657e+06,20 27 13 2 25 9 24 6 4 10 14 23 11 18 19 7 15 21 12 1 29 16 26 8 5 22 3 0 17 28 
68,2.0657e+06,20 27 13 2 25 9 24 6 4 10 14 23 11 18 19 7 15 21 12 1 29 16 26 8 5 22 3 0 17 28 
69,2.0657e+06,20 27 13 2 25 9 24 6 4 10 14 23 11 18 19 7 15 21 12 1 29 16 26 8 5 22 3 0 17 28 
70,2.0657e+06,20 27 13 2 25 9 24 6 4 10 14 23 11 18 19 7 15 21 12 1 29 16 26 8 5 22 3 0 17 28 
71,2.0657e+06,20 27 13 2 25 9 24 6 4 10 14 23 11 18 19 7 15 21 12 1 29 16 26 8 5 22 3 0 17 28 
72,2.0657e+06,20 27 13 2 25 9 24 6 4 10 14 23 11 18 19 7 15 21 12 1 29 16 26 8 5 22 3 0 17 28 
73,2.0657e+06,20 27 13 2 25 9 24 6 4 10 14 23 11 18 19 7 15 21 12 1 29 16 26 8 5 22 3 0 17 28 
74,2.0657e+06,20 27 13 2 25 9 24 6 4 10 14 23 11 18 19 7 15 21 12 1 29 16 26 8 5 22 3 0 17 28 
75,2.0657e+06,20 27 13 2 25 9 24 6 4 10 14 23 11 18 19 7 15 21 12 1 29 16 26 8 5 22 3 0 17 28 
76,2.0657e+06,20 27 13 2 25 9 24 6 4 10 14 23 11 18 19 7 15 21 12 1 29 16 26 8 5 22 3 0 17 28 
77,2.0657e+06,20 27 13 2 25 9 24 6 4 10 14 23 11 18 19 7 15 21 12 1 29 16 26 8 5 22 3 0 17 28 
78,2.0657e+06,20 27 13 2 25 9 24 6 4 10 14 23 11 18 19 7 15 21 12 1 29 16 26 8 5 22 3 0 17 28 
79,2.0657e+06,20 27 13 2 25 9 24 6 4 10 14 23 11 18 19 7 15 21 12 1 29 16 26 8 5 22 3 0 17 28 
80,2.0657e+06,20 27 13 2 25 9 24 6 4 10 14 23 11 18 19 7 15 21 12 1 29 16 26 8 5 22 3 0 17 28 
81,2.0657e+06,20 27 13 2 25 9 24 6 4 10 14 23 11 18 19 7 15 21 12 1 29 16 26 8 5 22 3 0 17 28 
82,2.0657e+06,20 27 13 2 25 9 24 6 4 10 14 23 11 18 19 7 15 21 12 1 29 16 26 8 5 22 3 0 17 28 
83,2.0657e+06,20 27 13 2 25 9 24 6 4 10 14 23 11 18 19 7 15 21 12 1 29 16 26 8 5 22 3 0 17 28 
84,2.0657e+06,20 27 13 2 25 9 24 6 4 10 14 23 11 18 19 7 15 21 12 1 29 16 26 8 5 22 3 0 17 28 
85,2.0657e+06,20 27 13 2 25 9 24 6 4 10 14 23 11 18 19 7 15 21 12 1 29 16 26 8 5 22 3 0 17 28 
86,2.0657e+06,20 27 13 2 25 9 24 6 4 10 14 23 11 18 19 7 15 21 12 1 29 16 26 8 5 22 3 0 17 28 
87,2.0657e+06,20 27 13 2 25 9 24 6 4 10 14 23 11 18 19 7 15 21 12 1 29 16 26 8 5 22 3 0 17 28 
88,2.0657e+06,20 27 13 2 25 9 24 6 4 10 14 23 11 18 19 7 15 21 12 1 29 16 26 8 5 22 3 0 17 28 
89,2.0657e+06,20 27 13 2 25 9 24 6 4 10 14 23 11 18 19 7 15 21 12 1 29 16 26 8 5 22 3 0 17 28 
90,2.0657e+06,20 27 13 2 25 9 24 6 4 10 14 23 11 18 19 7 15 21 12 1 29 16 26 8 5 22 3 0 17 28 
91,2.05838e+06,20 6 27 2 10 9 24 5 4 25 14 23 22 18 19 7 15 21 12 1 29 16 26 8 11 13 3 0 17 28 
92,2.05838e+06,20 6 27 2 10 9 24 5 4 25 14 23 22 18 19 7 15 21 12 1 29 16 26 8 11 13 3 0 17 28 
93,2.05838e+06,20 6 27 2 10 9 24 5 4 25 14 23 22 18 19 7 15 21 12 1 29 16 26 8 11 13 3 0 17 28 
94,2.05838e+06,20 6 27 2 10 9 24 5 4 25 14 23 22 18 19 7 15 21 12 1 29 16 26 8 11 13 3 0 17 28 
95,2.05838e+06,20 6 27 2 10 9 24 5 4 25 14 23 22 18 19 7 15 21 12 1 29 16 26 8 11 13 3 0 17 28 
96,2.05838e+06,20 6 27 2 10 9 24 5 4 25 14 23 22 18 19 7 15 21 12 1 29 16 26 8 11 13 3 0 17 28 
97,2.05838e+06,20 6 27 2 10 9 24 5 4 25 14 23 22 18 19 7 15 21 12 1 29 16 26 8 11 13 3 0 17 28 
98,2.05838e+06,20 6 27 2 10 9 24 5 4 25 14 23 22 18 19 7 15 21 12 1 29 16 26 8 11 13 3 0 17 28 
99,2.05838e+06,20 6 27 2 10 9 24 5 4 25 14 23 22 18 19 7 15 21 12 1 29 16 26 8 11 13 3 0 17 28 
100,2.05838e+06,20 6 27 2 10 9 24 5 4 25 14 23 22 18 19 7 15 21 12 1 29 16 26 8 11 13 3 0 17 28 
101,2.05838e+06,20 6 27 2 10 9 24 5 4 25 14 23 22 18 19 7 15 21 12 1 29 16 26 8 11 13 3 0 17 28 
102,2.05838e+06,20 6 27 2 10 9 24 5 4 25 14 23 22 18 19 7 15 21 12 1 29 16 26 8 11 13 3 0 17 28 
103,2.05838e+06,20 6 27 2 10 9 24 5 4 25 14 23 22 18 19 7 15 21 12 1 29 16 26 8 11 13 3 0 17 28 
104,2.05838e+06,20 6 27 2 10 9 24 5 4 25 14 23 22 18 19 7 15 21 12 1 29 16 26 8 11 13 3 0 17 28 
105,2.05838e+06,20 6 27 2 10 9 24 5 4 25 14 23 22 18 19 7 15 21 12 1 29 16 26 8 11 13 3 0 17 28 
106,2.05838e+06,20 6 27 2 10 9 24 5 4 25 14 23 22 18 19 7 15 21 12 1 29 16 26 8 11 13 3 0 17 28 
107,2.05838e+06,20 6 27 2 10 9 24 5 4 25 14 23 22 18 19 7 15 21 12 1 29 16 26 8 11 13 3 0 17 28 
108,2.05838e+06,20 6 27 2 10 9 24 5 4 25 14 23 22 18 19 7 15 21 12 1 29 16 26 8 11 13 3 0 17 28 
109,2.05838e+06,20 6 27 2 10 9 24 5 4 25 14 23 22 18 19 7 15 21 12 1 29 16 26 8 11 13 3 0 17 28 
110,2.05838e+06,20 6 27 2 10 9 24 5 4 25 14 23 22 18 19 7 15 21 12 1 29 16 26 8 11 13 3 0 17 28 
111,2.05838e+06,20 6 27 2 10 9 24 5 4 25 14 23 22 18 19 7 15 21 12 1 29 16 26 8 11 13 3 0 17 28 
112,2.05838e+06,20 6 27 2 10 9 24 5 4 25 14 23 22 18 19 7 15 21 12 1 29 16 26 8 11 13 3 0 17 28 
113,2.05838e+06,20 6 27 2 10 9 24 5 4 25 14 23 22 18 19 7 15 21 12 1 29 16 26 8 11 13 3 0 17 28 
114,2.05838e+06,20 6 27 2 10 9 24 5 4 25 14 23 22 18 19 7 15 21 12 1 29 16 26 8 11 13 3 0 17 28 
115,2.05838e+06,20 6 27 2 10 9 24 5 4 25 14 23 22 18 19 7 15 21 12 1 29 16 26 8 11 13 3 0 17 28 
116,2.05838e+06,20 6 27 2 10 9 24 5 4 25 14 23 22 18 19 7 15 21 12 1 29 16 26 8 11 13 3 0 17 28 
117,2.05838e+06,20 6 27 2 10 9 24 5 4 25 14 23 22 18 19 7 15 21 12 1 29 16 26 8 11 13 3 0 17 28 
118,2.05838e+06,20 6 27 2 10 9 24 5 4 25 14 23 22 18 19 7 15 21 12 1 29 16 26 8 11 13 3 0 17 28 
119,2.05838e+06,20 6 27 2 10 9 24 5 4 25 14 23 22 18 19 7 15 21 12 1 29 16 26 8 11 13 3 0 17 28 
120,2.05838e+06,20 6 27 2 10 9 24 5 4 25 14 23 22 18 19 7 15 21 12 1 29 16 26 8 11 13 3 0 17 28 
121,2.05838e+06,20 6 27 2 10 9 24 5 4 25 14 23 22 18 19 7 15 21 12 1 29 16 26 8 11 13 3 0 17 28 
122,2.05838e+06,20 6 27 2 10 9 24 5 4 25 14 23 22 18 19 7 15 21 12 1 29 16 26 8 11 13 3 0 17 28 
123,2.05838e+06,20 6 27 2 10 9 24 5 4 25 14 23 22 18 19 7 15 21 12 1 29 16 26 8 11 13 3 0 17 28 
124,2.05838e+06,20 6 27 2 10 9 24 5 4 25 14 23 22 18 19 7 15 21 12 1 29 16 26 8 11 13 3 0 17 28 
125,2.05838e+06,20 6 27 2 10 9 24 5 4 25 14 23 22 18 19 7 15 21 12 1 29 16 26 8 11 13 3 0 17 28 
126,2.05838e+06,20 6 27 2 10 9 24 5 4 25 14 23 22 18 19 7 15 21 12 1 29 16 26 8 11 13 3 0 17 28 
127,2.05838e+06,20 6 27 2 10 9 24 5 4 25 14 23 22 18 19 7 15 21 12 1 29 16 26 8 11 13 3 0 17 28 
128,2.05838e+06,20 6 27 2 10 9 24 5 4 25 14 23 22 18 19 7 15 21 12 1 29 16 26 8 11 13 3 0 17 28 
129,2.05838e+06,20 6 27 2 10 9 24 5 4 25 14 23 22 18 19 7 15 21 12 1 29 16 26 8 11 13 3 0 17 28 
130,2.05838e+06,20 6 27 2 10 9 24 5 4 25 14 23 22 18 19 7 15 21 12 1 29 16 26 8 11 13 3 0 17 28 
131,2.05838e+06,20 6 27 2 10 9 24 5 4 25 14 23 22 18 19 7 15 21 12 1 29 16 26 8 11 13 3 0 17 28 
132,2.05838e+06,20 6 27 2 10 9 24 5 4 25 14 23 22 18 19 7 15 21 12 1 29 16 26 8 11 13 3 0 17 28 
133,2.05838e+06,20 6 27 2 10 9 24 5 4 25 14 23 22 18 19 7 15 21 12 1 29 16 26 8 11 13 3 0 17 28 
134,2.05838e+06,20 6 27 2 10 9 24 5 4 25 14 23 22 18 19 7 15 21 12 1 29 16 26 8 11 13 3 0 17 28 
135,2.05838e+06,20 6 27 2 10 9 24 5 4 25 14 23 22 18 19 7 15 21 12 1 29 16 26 8 11 13 3 0 17 28 
136,2.05838e+06,20 6 27 2 10 9 24 5 4 25 14 23 22 18 19 7 15 21 12 1 29 16 26 8 11 13 3 0 17 28 
137,2.05838e+06,20 6 27 2 10 9 24 5 4 25 14 23 22 18 19 7 15 21 12 1 29 16 26 8 11 13 3 0 17 28 
138,2.05838e+06,20 6 27 2 10 9 24 5 4 25 14 23 22 18 19 7 15 21 12 1 29 16 26 8 11 13 3 0 17 28 
139,2.05838e+06,20 6 27 2 10 9 24 5 4 25 14 23 22 18 19 7 15 21 12 1 29 16 26 8 11 13 3 0 17 28 
140,2.05838e+06,20 6 27 2 10 9 24 5 4 25 14 23 22 18 19 7 15 21 12 1 29 16 26 8 11 13 3 0 17 28 
141,2.05838e+06,20 6 27 2 10 9 24 5 4 25 14 23 22 18 19 7 15 21 12 1 29 16 26 8 11 13 3 0 17 28 
142,2.05838e+06,20 6 27 2 10 9 24 5 4 25 14 23 22 18 19 7 15 21 12 1 29 16 26 8 11 13 3 0 17 28 
143,2.05838e+06,20 6 27 2 10 9 24 5 4 25 14 23 22 18 19 7 15 21 12 1 29 16 26 8 11 13 3 0 17 28 
144,2.05838e+06,20 6 27 2 10 9 24 5 4 25 14 23 22 18 19 7 15 21 12 1 29 16 26 8 11 13 3 0 17 28 
145,2.05838e+06,20 6 27 2 10 9 24 5 4 25 14 23 22 18 19 7 15 21 12 1 29 16 26 8 11 13 3 0 17 28 
146,2.05838e+06,20 6 27 2 10 9 24 5 4 25 14 23 22 18 19 7 15 21 12 1 29 16 26 8 11 13 3 0 17 28 
147,2.05838e+06,20 6 27 2 10 9 24 5 4 25 14 23 22 18 19 7 15 21 12 1 29 16 26 8 11 13 3 0 17 28 
148,2.05838e+06,20 6 27 2 10 9 24 5 4 25 14 23 22 18 19 7 15 21 12 1 29 16 26 8 11 13 3 0 17 28 
149,2.05838e+06,20 6 27 2 10 9 24 5 4 25 14 23 22 18 19 7 15 21 12 1 29 16 26 8 11 13 3 0 17 28 
150,2.05838e+06,20 6 27 2 10 9 24 5 4 25 14 23 22 18 19 7 15 21 12 1 29 16 26 8 11 13 3 0 17 28 
151,2.05838e+06,20 6 27 2 10 9 24 5 4 25 14 23 22 18 19 7 15 21 12 1 29 16 26 8 11 13 3 0 17 28 
152,2.05838e+06,20 6 27 2 10 9 24 5 4 25 14 23 22 18 19 7 15 21 12 1 29 16 26 8 11 13 3 0 17 28 
153,2.05838e+06,20 6 27 2 10 9 24 5 4 25 14 23 22 18 19 7 15 21 12 1 29 16 26 8 11 13 3 0 17 28 
154,2.05838e+06,20 6 27 2 10 9 24 5 4 25 14 23 22 18 19 7 15 21 12 1 29 16 26 8 11 13 3 0 17 28 
155,2.05838e+06,20 6 27 2 10 9 24 5 4 25 14 23 22 18 19 7 15 21 12 1 29 16 26 8 11 13 3 0 17 28 
156,2.05838e+06,20 6 27 2 10 9 24 5 4 25 14 23 22 18 19 7 15 21 12 1 29 16 26 8 11 13 3 0 17 28 
157,2.05838e+06,20 6 27 2 10 9 24 5 4 25 14 23 22 18 19 7 15 21 12 1 29 16 26 8 11 13 3 0 17 28 
158,2.05838e+06,20 6 27 2 10 9 24 5 4 25 14 23 22 18 19 7 15 21 12 1 29 16 26 8 11 13 3 0 17 28 
159,2.05838e+06,20 6 27 2 10 9 24 5 4 25 14 23 22 18 19 7 15 21 12 1 29 16 26 8 11 13 3 0 17 28 
160,2.05838e+06,20 6 27 2 10 9 24 5 4 25 14 23 22 18 19 7 15 21 12 1 29 16 26 8 11 13 3 0 17 28 
161,2.05838e+06,20 6 27 2 10 9 24 5 4 25 14 23 22 18 19 7 15 21 12 1 29 16 26 8 11 13 3 0 17 28 
162,2.05838e+06,20 6 27 2 10 9 24 5 4 25 14 23 22 18 19 7 15 21 12 1 29 16 26 8 11 13 3 0 17 28 
163,2.05838e+06,20 6 27 2 10 9 24 5 4 25 14 23 22 18 19 7 15 21 12 1 29 16 26 8 11 13 3 0 17 28 
164,2.05838e+06,20 6 27 2 10 9 24 5 4 25 14 23 22 18 19 7 15 21 12 1 29 16 26 8 11 13 3 0 17 28 
165,2.05838e+06,20 6 27 2 10 9 24 5 4 25 14 23 22 18 19 7 15 21 12 1 29 16 26 8 11 13 3 0 17 28 
166,2.05838e+06,20 6 27 2 10 9 24 5 4 25 14 23 22 18 19 7 15 21 12 1 29 16 26 8 11 13 3 0 17 28 
167,2.05838e+06,20 6 27 2 10 9 24 5 4 25 14 23 22 18 19 7 15 21 12 1 29 16 26 8 11 13 3 0 17 28 
168,2.05838e+06,20 6 27 2 10 9 24 5 4 25 14 23 22 18 19 7 15 21 12 1 29 16 26 8 11 13 3 0 17 28 
169,2.05838e+06,20 6 27 2 10 9 24 5 4 25 14 23 22 18 19 7 15 21 12 1 29 16 26 8 11 13 3 0 17 28 
170,2.05838e+06,20 6 27 2 10 9 24 5 4 25 14 23 22 18 19 7 15 21 12 1 29 16 26 8 11 13 3 0 17 28 
171,2.05838e+06,20 6 27 2 10 9 24 5 4 25 14 23 22 18 19 7 15 21 12 1 29 16 26 8 11 13 3 0 17 28 
172,2.05838e+06,20 6 27 2 10 9 24 5 4 25 14 23 22 18 19 7 15 21 12 1 29 16 26 8 11 13 3 0 17 28 
173,2.05838e+06,20 6 27 2 10 9 24 5 4 25 14 23 22 18 19 7 15 21 12 1 29 16 26 8 11 13 3 0 17 28 
174,2.05838e+06,20 6 27 2 10 9 24 5 4 25 14 23 22 18 19 7 15 21 12 1 29 16 26 8 11 13 3 0 17 28 
175,2.05838e+06,20 6 27 2 10 9 24 5 4 25 14 23 22 18 19 7 15 21 12 1 29 16 26 8 11 13 3 0 17 28 
176,2.05838e+06,20 6 27 2 10 9 24 5 4 25 14 23 22 18 19 7 15 21 12 1 29 16 26 8 11 13 3 0 17 28 
177,2.05838e+06,20 6 27 2 10 9 24 5 4 25 14 23 22 18 19 7 15 21 12 1 29 16 26 8 11 13 3 0 17 28 
178,2.05838e+06,20 6 27 2 10 9 24 5 4 25 14 23 22 18 19 7 15 21 12 1 29 16 26 8 11 13 3 0 17 28 
179,2.05838e+06,20 6 27 2 10 9 24 5 4 25 14 23 22 18 19 7 15 21 12 1 29 16 26 8 11 13 3 0 17 28 
180,2.05838e+06,20 6 27 2 10 9 24 5 4 25 14 23 22 18 19 7 15 21 12 1 29 16 26 8 11 13 3 0 17 28 
181,2.05838e+06,20 6 27 2 10 9 24 5 4 25 14 23 22 18 19 7 15 21 12 1 29 16 26 8 11 13 3 0 17 28 
182,2.05838e+06,20 6 27 2 10 9 24 5 4 25 14 23 22 18 19 7 15 21 12 1 29 16 26 8 11 13 3 0 17 28 
183,2.05838e+06,20 6 27 2 10 9 24 5 4 25 14 23 22 18 19 7 15 21 12 1 29 16 26 8 11 13 3 0 17 28 
184,2.05838e+06,20 6 27 2 10 9 24 5 4 25 14 23 22 18 19 7 15 21 12 1 29 16 26 8 11 13 3 0 17 28 
185,2.05838e+06,20 6 27 2 10 9 24 5 4 25 14 23 22 18 19 7 15 21 12 1 29 16 26 8 11 13 3 0 17 28 
186,2.05838e+06,20 6 27 2 10 9 24 5 4 25 14 23 22 18 19 7 15 21 12 1 29 16 26 8 11 13 3 0 17 28 
187,2.05838e+06,20 6 27 2 10 9 24 5 4 25 14 23 22 18 19 7 15 21 12 1 29 16 26 8 11 13 3 0 17 28 
188,2.05838e+06,20 6 27 2 10 9 24 5 4 25 14 23 22 18 19 7 15 21 12 1 29 16 26 8 11 13 3 0 17 28 
189,2.05838e+06,20 6 27 2 10 9 24 5 4 25 14 23 22 18 19 7 15 21 12 1 29 16 26 8 11 13 3 0 17 28 
190,2.05838e+06,20 6 27 2 10 9 24 5 4 25 14 23 22 18 19 7 15 21 12 1 29 16 26 8 11 13 3 0 17 28 
191,2.05838e+06,20 6 27 2 10 9 24 5 4 25 14 23 22 18 19 7 15 21 12 1 29 16 26 8 11 13 3 0 17 28 
192,2.05838e+06,20 6 27 2 10 9 24 5 4 25 14 23 22 18 19 7 15 21 12 1 29 16 26 8 11 13 3 0 17 28 
193,2.05838e+06,20 6 27 2 10 9 24 5 4 25 14 23 22 18 19 7 15 21 12 1 29 16 26 8 11 13 3 0 17 28 
194,2.05838e+06,20 6 27 2 10 9 24 5 4 25 14 23 22 18 19 7 15 21 12 1 29 16 26 8 11 13 3 0 17 28 
195,2.05838e+06,20 6 27 2 10 9 24 5 4 25 14 23 22 18 19 7 15 21 12 1 29 16 26 8 11 13 3 0 17 28 
196,2.05838e+06,20 6 27 2 10 9 24 5 4 25 14 23 22 18 19 7 15 21 12 1 29 16 26 8 11 13 3 0 17 28 
197,2.05838e+06,20 6 27 2 10 9 24 5 4 25 14 23 22 18 19 7 15 21 12 1 29 16 26 8 11 13 3 0 17 28 
198,2.05838e+06,20 6 27 2 10 9 24 5 4 25 14 23 22 18 19 7 15 21 12 1 29 16 26 8 11 13 3 0 17 28 
199,2.05838e+06,20 6 27 2 10 9 24 5 4 25 14 23 22 18 19 7 15 21 12 1 29 16 26 8 11 13 3 0 17 28 
200,2.05838e+06,20 6 27 2 10 9 24 5 4 25 14 23 22 18 19 7 15 21 12 1 29 16 26 8 11 13 3 0 17 28 
201,2.05838e+06,20 6 27 2 10 9 24 5 4 25 14 23 22 18 19 7 15 21 12 1 29 16 26 8 11 13 3 0 17 28 
202,2.05838e+06,20 6 27 2 10 9 24 5 4 25 14 23 22 18 19 7 15 21 12 1 29 16 26 8 11 13 3 0 17 28 
203,2.05838e+06,20 6 27 2 10 9 24 5 4 25 14 23 22 18 19 7 15 21 12 1 29 16 26 8 11 13 3 0 17 28 
204,2.05838e+06,20 6 27 2 10 9 24 5 4 25 14 23 22 18 19 7 15 21 12 1 29 16 26 8 11 13 3 0 17 28 
205,2.05838e+06,20 6 27 2 10 9 24 5 4 25 14 23 22 18 19 7 15 21 12 1 29 16 26 8 11 13 3 0 17 28 
206,2.05838e+06,20 6 27 2 10 9 24 5 4 25 14 23 22 18 19 7 15 21 12 1 29 16 26 8 11 13 3 0 17 28 
207,2.05838e+06,20 6 27 2 10 9 24 5 4 25 14 23 22 18 19 7 15 21 12 1 29 16 26 8 11 13 3 0 17 28 
208,2.05838e+06,20 6 27 2 10 9 24 5 4 25 14 23 22 18 19 7 15 21 12 1 29 16 26 8 11 13 3 0 17 28 
209,2.05838e+06,20 6 27 2 10 9 24 5 4 25 14 23 22 18 19 7 15 21 12 1 29 16 26 8 11 13 3 0 17 28 
210,2.05838e+06,20 6 27 2 10 9 24 5 4 25 14 23 22 18 19 7 15 21 12 1 29 16 26 8 11 13 3 0 17 28 
211,2.05838e+06,20 6 27 2 10 9 24 5 4 25 14 23 22 18 19 7 15 21 12 1 29 16 26 8 11 13 3 0 17 28 
212,2.05838e+06,20 6 27 2 10 9 24 5 4 25 14 23 22 18 19 7 15 21 12 1 29 16 26 8 11 13 3 0 17 28 
213,2.05838e+06,20 6 27 2 10 9 24 5 4 25 14 23 22 18 19 7 15 21 12 1 29 16 26 8 11 13 3 0 17 28 
214,2.05838e+06,20 6 27 2 10 9 24 5 4 25 14 23 22 18 19 7 15 21 12 1 29 16 26 8 11 13 3 0 17 28 
215,2.05838e+06,20 6 27 2 10 9 24 5 4 25 14 23 22 18 19 7 15 21 12 1 29 16 26 8 11 13 3 0 17 28 
216,2.05838e+06,20 6 27 2 10 9 24 5 4 25 14 23 22 18 19 7 15 21 12 1 29 16 26 8 11 13 3 0 17 28 
217,2.05838e+06,20 6 27 2 10 9 24 5 4 25 14 23 22 18 19 7 15 21 12 1 29 16 26 8 11 13 3 0 17 28 
218,2.05838e+06,20 6 27 2 10 9 24 5 4 25 14 23 22 18 19 7 15 21 12 1 29 16 26 8 11 13 3 0 17 28 
219,2.05838e+06,20 6 27 2 10 9 24 5 4 25 14 23 22 18 19 7 15 21 12 1 29 16 26 8 11 13 3 0 17 28 
220,2.05838e+06,20 6 27 2 10 9 24 5 4 25 14 23 22 18 19 7 15 21 12 1 29 16 26 8 11 13 3 0 17 28 
221,2.05838e+06,20 6 27 2 10 9 24 5 4 25 14 23 22 18 19 7 15 21 12 1 29 16 26 8 11 13 3 0 17 28 
222,2.05838e+06,20 6 27 2 10 9 24 5 4 25 14 23 22 18 19 7 15 21 12 1 29 16 26 8 11 13 3 0 17 28 
223,2.05838e+06,20 6 27 2 10 9 24 5 4 25 14 23 22 18 19 7 15 21 12 1 29 16 26 8 11 13 3 0 17 28 
224,2.05838e+06,20 6 27 2 10 9 24 5 4 25 14 23 22 18 19 7 15 21 12 1 29 16 26 8 11 13 3 0 17 28 
225,2.05838e+06,20 6 27 2 10 9 24 5 4 25 14 23 22 18 19 7 15 21 12 1 29 16 26 8 11 13 3 0 17 28 
226,2.05704e+06,20 27 10 2 9 24 4 5 6 25 14 23 22 18 19 7 15 21 12 1 29 16 26 8 11 13 3 0 17 28 
227,2.05704e+06,20 27 10 2 9 24 4 5 6 25 14 23 22 18 19 7 15 21 12 1 29 16 26 8 11 13 3 0 17 28 
228,2.02537e+06,20 27 10 24 9 2 4 5 6 25 14 23 22 18 16 7 8 13 12 1 15 26 11 21 29 19 3 0 17 28 
229,2.02537e+06,20 27 10 24 9 2 4 5 6 25 14 23 22 18 16 7 8 13 12 1 15 26 11 21 29 19 3 0 17 28 
230,2.02537e+06,20 27 10 24 9 2 4 5 6 25 14 23 22 18 16 7 8 13 12 1 15 26 11 21 29 19 3 0 17 28 
231,2.02537e+06,20 27 10 24 9 2 4 5 6 25 14 23 22 18 16 7 8 13 12 1 15 26 11 21 29 19 3 0 17 28 
232,2.02537e+06,20 27 10 24 9 2 4 5 6 25 14 23 22 18 16 7 8 13 12 1 15 26 11 21 29 19 3 0 17 28 
233,2.02537e+06,20 27 10 24 9 2 4 5 6 25 14 23 22 18 16 7 8 13 12 1 15 26 11 21 29 19 3 0 17 28 
234,2.02537e+06,20 27 10 24 9 2 4 5 6 25 14 23 22 18 16 7 8 13 12 1 15 26 11 21 29 19 3 0 17 28 
235,2.02537e+06,20 27 10 24 9 2 4 5 6 25 14 23 22 18 16 7 8 13 12 1 15 26 11 21 29 19 3 0 17 28 
236,2.02537e+06,20 27 10 24 9 2 4 5 6 25 14 23 22 18 16 7 8 13 12 1 15 26 11 21 29 19 3 0 17 28 
237,2.02537e+06,20 27 10 24 9 2 4 5 6 25 14 23 22 18 16 7 8 13 12 1 15 26 11 21 29 19 3 0 17 28 
238,2.02537e+06,20 27 10 24 9 2 4 5 6 25 14 23 22 18 16 7 8 13 12 1 15 26 11 21 29 19 3 0 17 28 
239,2.02537e+06,20 27 10 24 9 2 4 5 6 25 14 23 22 18 16 7 8 13 12 1 15 26 11 21 29 19 3 0 17 28 
240,2.02537e+06,20 27 10 24 9 2 4 5 6 25 14 23 22 18 16 7 8 13 12 1 15 26 11 21 29 19 3 0 17 28 
241,2.02537e+06,20 27 10 24 9 2 4 5 6 25 14 23 22 18 16 7 8 13 12 1 15 26 11 21 29 19 3 0 17 28 
242,2.02537e+06,20 27 10 24 9 2 4 5 6 25 14 23 22 18 16 7 8 13 12 1 15 26 11 21 29 19 3 0 17 28 
243,2.02537e+06,20 27 10 24 9 2 4 5 6 25 14 23 22 18 16 7 8 13 12 1 15 26 11 21 29 19 3 0 17 28 
244,2.02537e+06,20 27 10 24 9 2 4 5 6 25 14 23 22 18 16 7 8 13 12 1 15 26 11 21 29 19 3 0 17 28 
245,2.02537e+06,20 27 10 24 9 2 4 5 6 25 14 23 22 18 16 7 8 13 12 1 15 26 11 21 29 19 3 0 17 28 
246,2.02537e+06,20 27 10 24 9 2 4 5 6 25 14 23 22 18 16 7 8 13 12 1 15 26 11 21 29 19 3 0 17 28 
247,2.02537e+06,20 27 10 24 9 2 4 5 6 25 14 23 22 18 16 7 8 13 12 1 15 26 11 21 29 19 3 0 17 28 
248,2.02537e+06,20 27 10 24 9 2 4 5 6 25 14 23 22 18 16 7 8 13 12 1 15 26 11 21 29 19 3 0 17 28 
249,2.02537e+06,20 27 10 24 9 2 4 5 6 25 14 23 22 18 16 7 8 13 12 1 15 26 11 21 29 19 3 0 17 28 
250,2.02537e+06,20 27 10 24 9 2 4 5 6 25 14 23 22 18 16 7 8 13 12 1 15 26 11 21 29 19 3 0 17 28 
251,2.02537e+06,20 27 10 24 9 2 4 5 6 25 14 23 22 18 16 7 8 13 12 1 15 26 11 21 29 19 3 0 17 28 
252,2.02537e+06,20 27 10 24 9 2 4 5 6 25 14 23 22 18 16 7 8 13 12 1 15 26 11 21 29 19 3 0 17 28 
253,2.02537e+06,20 27 10 24 9 2 4 5 6 25 14 23 22 18 16 7 8 13 12 1 15 26 11 21 29 19 3 0 17 28 
254,2.02537e+06,20 27 10 24 9 2 4 5 6 25 14 23 22 18 16 7 8 13 12 1 15 26 11 21 29 19 3 0 17 28 
255,2.02537e+06,20 27 10 24 9 2 4 5 6 25 14 23 22 18 16 7 8 13 12 1 15 26 11 21 29 19 3 0 17 28 
256,2.02537e+06,20 27 10 24 9 2 4 5 6 25 14 23 22 18 16 7 8 13 12 1 15 26 11 21 29 19 3 0 17 28 
257,2.02537e+06,20 27 10 24 9 2 4 5 6 25 14 23 22 18 16 7 8 13 12 1 15 26 11 21 29 19 3 0 17 28 
258,2.02537e+06,20 27 10 24 9 2 4 5 6 25 14 23 22 18 16 7 8 13 12 1 15 26 11 21 29 19 3 0 17 28 
259,2.02537e+06,20 27 10 24 9 2 4 5 6 25 14 23 22 18 16 7 8 13 12 1 15 26 11 21 29 19 3 0 17 28 
260,2.02537e+06,20 27 10 24 9 2 4 5 6 25 14 23 22 18 16 7 8 13 12 1 15 26 11 21 29 19 3 0 17 28 
261,2.02537e+06,20 27 10 24 9 2 4 5 6 25 14 23 22 18 16 7 8 13 12 1 15 26 11 21 29 19 3 0 17 28 
262,2.02537e+06,20 27 10 24 9 2 4 5 6 25 14 23 22 18 16 7 8 13 12 1 15 26 11 21 29 19 3 0 17 28 
263,2.02537e+06,20 27 10 24 9 2 4 5 6 25 14 23 22 18 16 7 8 13 12 1 15 26 11 21 29 19 3 0 17 28 
264,2.02537e+06,20 27 10 24 9 2 4 5 6 25 14 23 22 18 16 7 8 13 12 1 15 26 11 21 29 19 3 0 17 28 
265,2.02537e+06,20 27 10 24 9 2 4 5 6 25 14 23 22 18 16 7 8 13 12 1 15 26 11 21 29 19 3 0 17 28 
266,2.02537e+06,20 27 10 24 9 2 4 5 6 25 14 23 22 18 16 7 8 13 12 1 15 26 11 21 29 19 3 0 17 28 
267,2.02537e+06,20 27 10 24 9 2 4 5 6 25 14 23 22 18 16 7 8 13 12 1 15 26 11 21 29 19 3 0 17 28 
268,2.02537e+06,20 27 10 24 9 2 4 5 6 25 14 23 22 18 16 7 8 13 12 1 15 26 11 21 29 19 3 0 17 28 
269,2.02537e+06,20 27 10 24 9 2 4 5 6 25 14 23 22 18 16 7 8 13 12 1 15 26 11 21 29 19 3 0 17 28 
270,2.02537e+06,20 27 10 24 9 2 4 5 6 25 14 23 22 18 16 7 8 13 12 1 15 26 11 21 29 19 3 0 17 28 
271,2.02537e+06,20 27 10 24 9 2 4 5 6 25 14 23 22 18 16 7 8 13 12 1 15 26 11 21 29 19 3 0 17 28 
272,2.02537e+06,20 27 10 24 9 2 4 5 6 25 14 23 22 18 16 7 8 13 12 1 15 26 11 21 29 19 3 0 17 28 
273,2.02537e+06,20 27 10 24 9 2 4 5 6 25 14 23 22 18 16 7 8 13 12 1 15 26 11 21 29 19 3 0 17 28 
274,2.02537e+06,20 27 10 24 9 2 4 5 6 25 14 23 22 18 16 7 8 13 12 1 15 26 11 21 29 19 3 0 17 28 
275,2.02537e+06,20 27 10 24 9 2 4 5 6 25 14 23 22 18 16 7 8 13 12 1 15 26 11 21 29 19 3 0 17 28 
276,2.02537e+06,20 27 10 24 9 2 4 5 6 25 14 23 22 18 16 7 8 13 12 1 15 26 11 21 29 19 3 0 17 28 
277,2.02537e+06,20 27 10 24 9 2 4 5 6 25 14 23 22 18 16 7 8 13 12 1 15 26 11 21 29 19 3 0 17 28 
278,2.02537e+06,20 27 10 24 9 2 4 5 6 25 14 23 22 18 16 7 8 13 12 1 15 26 11 21 29 19 3 0 17 28 
279,2.02537e+06,20 27 10 24 9 2 4 5 6 25 14 23 22 18 16 7 8 13 12 1 15 26 11 21 29 19 3 0 17 28 
280,2.02537e+06,20 27 10 24 9 2 4 5 6 25 14 23 22 18 16 7 8 13 12 1 15 26 11 21 29 19 3 0 17 28 
281,2.02537e+06,20 27 10 24 9 2 4 5 6 25 14 23 22 18 16 7 8 13 12 1 15 26 11 21 29 19 3 0 17 28 
282,2.02537e+06,20 27 10 24 9 2 4 5 6 25 14 23 22 18 16 7 8 13 12 1 15 26 11 21 29 19 3 0 17 28 
283,2.02537e+06,20 27 10 24 9 2 4 5 6 25 14 23 22 18 16 7 8 13 12 1 15 26 11 21 29 19 3 0 17 28 
284,2.02537e+06,20 27 10 24 9 2 4 5 6 25 14 23 22 18 16 7 8 13 12 1 15 26 11 21 29 19 3 0 17 28 
285,2.02537e+06,20 27 10 24 9 2 4 5 6 25 14 23 22 18 16 7 8 13 12 1 15 26 11 21 29 19 3 0 17 28 
286,2.02537e+06,20 27 10 24 9 2 4 5 6 25 14 23 22 18 16 7 8 13 12 1 15 26 11 21 29 19 3 0 17 28 
287,2.02537e+06,20 27 10 24 9 2 4 5 6 25 14 23 22 18 16 7 8 13 12 1 15 26 11 21 29 19 3 0 17 28 
288,2.02537e+06,20 27 10 24 9 2 4 5 6 25 14 23 22 18 16 7 8 13 12 1 15 26 11 21 29 19 3 0 17 28 
289,2.02537e+06,20 27 10 24 9 2 4 5 6 25 14 23 22 18 16 7 8 13 12 1 15 26 11 21 29 19 3 0 17 28 
290,2.02537e+06,20 27 10 24 9 2 4 5 6 25 14 23 22 18 16 7 8 13 12 1 15 26 11 21 29 19 3 0 17 28 
291,2.02537e+06,20 27 10 24 9 2 4 5 6 25 14 23 22 18 16 7 8 13 12 1 15 26 11 21 29 19 3 0 17 28 
292,2.02537e+06,20 27 10 24 9 2 4 5 6 25 14 23 22 18 16 7 8 13 12 1 15 26 11 21 29 19 3 0 17 28 
293,2.02537e+06,20 27 10 24 9 2 4 5 6 25 14 23 22 18 16 7 8 13 12 1 15 26 11 21 29 19 3 0 17 28 
294,2.02537e+06,20 27 10 24 9 2 4 5 6 25 14 23 22 18 16 7 8 13 12 1 15 26 11 21 29 19 3 0 17 28 
295,2.02537e+06,20 27 10 24 9 2 4 5 6 25 14 23 22 18 16 7 8 13 12 1 15 26 11 21 29 19 3 0 17 28 
296,2.02537e+06,20 27 10 24 9 2 4 5 6 25 14 23 22 18 16 7 8 13 12 1 15 26 11 21 29 19 3 0 17 28 
297,2.02537e+06,20 27 10 24 9 2 4 5 6 25 14 23 22 18 16 7 8 13 12 1 15 26 11 21 29 19 3 0 17 28 
298,2.02537e+06,20 27 10 24 9 2 4 5 6 25 14 23 22 18 16 7 8 13 12 1 15 26 11 21 29 19 3 0 17 28 
299,2.02537e+06,20 27 10 24 9 2 4 5 6 25 14 23 22 18 16 7 8 13 12 1 15 26 11 21 29 19 3 0 17 28 
300,2.02537e+06,20 27 10 24 9 2 4 5 6 25 14 23 22 18 16 7 8 13 12 1 15 26 11 21 29 19 3 0 17 28 
301,2.02537e+06,20 27 10 24 9 2 4 5 6 25 14 23 22 18 16 7 8 13 12 1 15 26 11 21 29 19 3 0 17 28 
302,2.02537e+06,20 27 10 24 9 2 4 5 6 25 14 23 22 18 16 7 8 13 12 1 15 26 11 21 29 19 3 0 17 28 
303,2.02537e+06,20 27 10 24 9 2 4 5 6 25 14 23 22 18 16 7 8 13 12 1 15 26 11 21 29 19 3 0 17 28 
304,2.02537e+06,20 27 10 24 9 2 4 5 6 25 14 23 22 18 16 7 8 13 12 1 15 26 11 21 29 19 3 0 17 28 
305,2.02537e+06,20 27 10 24 9 2 4 5 6 25 14 23 22 18 16 7 8 13 12 1 15 26 11 21 29 19 3 0 17 28 
306,2.02537e+06,20 27 10 24 9 2 4 5 6 25 14 23 22 18 16 7 8 13 12 1 15 26 11 21 29 19 3 0 17 28 
307,2.02537e+06,20 27 10 24 9 2 4 5 6 25 14 23 22 18 16 7 8 13 12 1 15 26 11 21 29 19 3 0 17 28 
308,2.02537e+06,20 27 10 24 9 2 4 5 6 25 14 23 22 18 16 7 8 13 12 1 15 26 11 21 29 19 3 0 17 28 
309,2.02537e+06,20 27 10 24 9 2 4 5 6 25 14 23 22 18 16 7 8 13 12 1 15 26 11 21 29 19 3 0 17 28 
310,2.02537e+06,20 27 10 24 9 2 4 5 6 25 14 23 22 18 16 7 8 13 12 1 15 26 11 21 29 19 3 0 17 28 
311,2.02537e+06,20 27 10 24 9 2 4 5 6 25 14 23 22 18 16 7 8 13 12 1 15 26 11 21 29 19 3 0 17 28 
312,2.02537e+06,20 27 10 24 9 2 4 5 6 25 14 23 22 18 16 7 8 13 12 1 15 26 11 21 29 19 3 0 17 28 
313,2.02537e+06,20 27 10 24 9 2 4 5 6 25 14 23 22 18 16 7 8 13 12 1 15 26 11 21 29 19 3 0 17 28 
314,2.02537e+06,20 27 10 24 9 2 4 5 6 25 14 23 22 18 16 7 8 13 12 1 15 26 11 21 29 19 3 0 17 28 
315,2.02537e+06,20 27 10 24 9 2 4 5 6 25 14 23 22 18 16 7 8 13 12 1 15 26 11 21 29 19 3 0 17 28 
316,2.02537e+06,20 27 10 24 9 2 4 5 6 25 14 23 22 18 16 7 8 13 12 1 15 26 11 21 29 19 3 0 17 28 
317,2.02537e+06,20 27 10 24 9 2 4 5 6 25 14 23 22 18 16 7 8 13 12 1 15 26 11 21 29 19 3 0 17 28 
318,2.02537e+06,20 27 10 24 9 2 4 5 6 25 14 23 22 18 16 7 8 13 12 1 15 26 11 21 29 19 3 0 17 28 
319,2.02537e+06,20 27 10 24 9 2 4 5 6 25 14 23 22 18 16 7 8 13 12 1 15 26 11 21 29 19 3 0 17 28 
320,2.02537e+06,20 27 10 24 9 2 4 5 6 25 14 23 22 18 16 7 8 13 12 1 15 26 11 21 29 19 3 0 17 28 
321,2.02537e+06,20 27 10 24 9 2 4 5 6 25 14 23 22 18 16 7 8 13 12 1 15 26 11 21 29 19 3 0 17 28 
322,2.02537e+06,20 27 10 24 9 2 4 5 6 25 14 23 22 18 16 7 8 13 12 1 15 26 11 21 29 19 3 0 17 28 
323,2.02537e+06,20 27 10 24 9 2 4 5 6 25 14 23 22 18 16 7 8 13 12 1 15 26 11 21 29 19 3 0 17 28 
324,2.02537e+06,20 27 10 24 9 2 4 5 6 25 14 23 22 18 16 7 8 13 12 1 15 26 11 21 29 19 3 0 17 28 
325,2.02537e+06,20 27 10 24 9 2 4 5 6 25 14 23 22 18 16 7 8 13 12 1 15 26 11 21 29 19 3 0 17 28 
326,2.02537e+06,20 27 10 24 9 2 4 5 6 25 14 23 22 18 16 7 8 13 12 1 15 26 11 21 29 19 3 0 17 28 
327,2.02537e+06,20 27 10 24 9 2 4 5 6 25 14 23 22 18 16 7 8 13 12 1 15 26 11 21 29 19 3 0 17 28 
328,2.02537e+06,20 27 10 24 9 2 4 5 6 25 14 23 22 18 16 7 8 13 12 1 15 26 11 21 29 19 3 0 17 28 
329,2.02537e+06,20 27 10 24 9 2 4 5 6 25 14 23 22 18 16 7 8 13 12 1 15 26 11 21 29 19 3 0 17 28 
330,2.02537e+06,20 27 10 24 9 2 4 5 6 25 14 23 22 18 16 7 8 13 12 1 15 26 11 21 29 19 3 0 17 28 
331,2.02537e+06,20 27 10 24 9 2 4 5 6 25 14 23 22 18 16 7 8 13 12 1 15 26 11 21 29 19 3 0 17 28 
332,2.02537e+06,20 27 10 24 9 2 4 5 6 25 14 23 22 18 16 7 8 13 12 1 15 26 11 21 29 19 3 0 17 28 
333,2.02537e+06,20 27 10 24 9 2 4 5 6 25 14 23 22 18 16 7 8 13 12 1 15 26 11 21 29 19 3 0 17 28 
334,2.02537e+06,20 27 10 24 9 2 4 5 6 25 14 23 22 18 16 7 8 13 12 1 15 26 11 21 29 19 3 0 17 28 
335,2.02537e+06,20 27 10 24 9 2 4 5 6 25 14 23 22 18 16 7 8 13 12 1 15 26 11 21 29 19 3 0 17 28 
336,2.02537e+06,20 27 10 24 9 2 4 5 6 25 14 23 22 18 16 7 8 13 12 1 15 26 11 21 29 19 3 0 17 28 
337,2.02537e+06,20 27 10 24 9 2 4 5 6 25 14 23 22 18 16 7 8 13 12 1 15 26 11 21 29 19 3 0 17 28 
338,2.02537e+06,20 27 10 24 9 2 4 5 6 25 14 23 22 18 16 7 8 13 12 1 15 26 11 21 29 19 3 0 17 28 
339,2.02537e+06,20 27 10 24 9 2 4 5 6 25 14 23 22 18 16 7 8 13 12 1 15 26 11 21 29 19 3 0 17 28 
340,2.02537e+06,20 27 10 24 9 2 4 5 6 25 14 23 22 18 16 7 8 13 12 1 15 26 11 21 29 19 3 0 17 28 
341,2.02537e+06,20 27 10 24 9 2 4 5 6 25 14 23 22 18 16 7 8 13 12 1 15 26 11 21 29 19 3 0 17 28 
342,2.02537e+06,20 27 10 24 9 2 4 5 6 25 14 23 22 18 16 7 8 13 12 1 15 26 11 21 29 19 3 0 17 28 
343,2.02537e+06,20 27 10 24 9 2 4 5 6 25 14 23 22 18 16 7 8 13 12 1 15 26 11 21 29 19 3 0 17 28 
344,2.02537e+06,20 27 10 24 9 2 4 5 6 25 14 23 22 18 16 7 8 13 12 1 15 26 11 21 29 19 3 0 17 28 
345,2.02537e+06,20 27 10 24 9 2 4 5 6 25 14 23 22 18 16 7 8 13 12 1 15 26 11 21 29 19 3 0 17 28 
346,2.02537e+06,20 27 10 24 9 2 4 5 6 25 14 23 22 18 16 7 8 13 12 1 15 26 11 21 29 19 3 0 17 28 
347,2.02537e+06,20 27 10 24 9 2 4 5 6 25 14 23 22 18 16 7 8 13 12 1 15 26 11 21 29 19 3 0 17 28 
348,2.02537e+06,20 27 10 24 9 2 4 5 6 25 14 23 22 18 16 7 8 13 12 1 15 26 11 21 29 19 3 0 17 28 
349,2.02537e+06,20 27 10 24 9 2 4 5 6 25 14 23 22 18 16 7 8 13 12 1 15 26 11 21 29 19 3 0 17 28 
350,2.02537e+06,20 27 10 24 9 2 4 5 6 25 14 23 22 18 16 7 8 13 12 1 15 26 11 21 29 19 3 0 17 28 
351,2.02537e+06,20 27 10 24 9 2 4 5 6 25 14 23 22 18 16 7 8 13 12 1 15 26 11 21 29 19 3 0 17 28 
352,2.02537e+06,20 27 10 24 9 2 4 5 6 25 14 23 22 18 16 7 8 13 12 1 15 26 11 21 29 19 3 0 17 28 
353,2.02537e+06,20 27 10 24 9 2 4 5 6 25 14 23 22 18 16 7 8 13 12 1 15 26 11 21 29 19 3 0 17 28 
354,2.02537e+06,20 27 10 24 9 2 4 5 6 25 14 23 22 18 16 7 8 13 12 1 15 26 11 21 29 19 3 0 17 28 
355,2.02537e+06,20 27 10 24 9 2 4 5 6 25 14 23 22 18 16 7 8 13 12 1 15 26 11 21 29 19 3 0 17 28 
356,2.02537e+06,20 27 10 24 9 2 4 5 6 25 14 23 22 18 16 7 8 13 12 1 15 26 11 21 29 19 3 0 17 28 
357,2.02537e+06,20 27 10 24 9 2 4 5 6 25 14 23 22 18 16 7 8 13 12 1 15 26 11 21 29 19 3 0 17 28 
358,2.02537e+06,20 27 10 24 9 2 4 5 6 25 14 23 22 18 16 7 8 13 12 1 15 26 11 21 29 19 3 0 17 28 
359,2.02537e+06,20 27 10 24 9 2 4 5 6 25 14 23 22 18 16 7 8 13 12 1 15 26 11 21 29 19 3 0 17 28 
360,2.02537e+06,20 27 10 24 9 2 4 5 6 25 14 23 22 18 16 7 8 13 12 1 15 26 11 21 29 19 3 0 17 28 
361,2.02537e+06,20 27 10 24 9 2 4 5 6 25 14 23 22 18 16 7 8 13 12 1 15 26 11 21 29 19 3 0 17 28 
362,2.02537e+06,20 27 10 24 9 2 4 5 6 25 14 23 22 18 16 7 8 13 12 1 15 26 11 21 29 19 3 0 17 28 
363,2.02537e+06,20 27 10 24 9 2 4 5 6 25 14 23 22 18 16 7 8 13 12 1 15 26 11 21 29 19 3 0 17 28 
364,2.02537e+06,20 27 10 24 9 2 4 5 6 25 14 23 22 18 16 7 8 13 12 1 15 26 11 21 29 19 3 0 17 28 
365,2.02537e+06,20 27 10 24 9 2 4 5 6 25 14 23 22 18 16 7 8 13 12 1 15 26 11 21 29 19 3 0 17 28 
366,2.02537e+06,20 27 10 24 9 2 4 5 6 25 14 23 22 18 16 7 8 13 12 1 15 26 11 21 29 19 3 0 17 28 
367,2.02537e+06,20 27 10 24 9 2 4 5 6 25 14 23 22 18 16 7 8 13 12 1 15 26 11 21 29 19 3 0 17 28 
368,2.02537e+06,20 27 10 24 9 2 4 5 6 25 14 23 22 18 16 7 8 13 12 1 15 26 11 21 29 19 3 0 17 28 
369,2.02537e+06,20 27 10 24 9 2 4 5 6 25 14 23 22 18 16 7 8 13 12 1 15 26 11 21 29 19 3 0 17 28 
370,2.02537e+06,20 27 10 24 9 2 4 5 6 25 14 23 22 18 16 7 8 13 12 1 15 26 11 21 29 19 3 0 17 28 
371,2.02537e+06,20 27 10 24 9 2 4 5 6 25 14 23 22 18 16 7 8 13 12 1 15 26 11 21 29 19 3 0 17 28 
372,2.02537e+06,20 27 10 24 9 2 4 5 6 25 14 23 22 18 16 7 8 13 12 1 15 26 11 21 29 19 3 0 17 28 
373,2.02537e+06,20 27 10 24 9 2 4 5 6 25 14 23 22 18 16 7 8 13 12 1 15 26 11 21 29 19 3 0 17 28 
374,2.02537e+06,20 27 10 24 9 2 4 5 6 25 14 23 22 18 16 7 8 13 12 1 15 26 11 21 29 19 3 0 17 28 
375,2.02537e+06,20 27 10 24 9 2 4 5 6 25 14 23 22 18 16 7 8 13 12 1 15 26 11 21 29 19 3 0 17 28 
376,2.02537e+06,20 27 10 24 9 2 4 5 6 25 14 23 22 18 16 7 8 13 12 1 15 26 11 21 29 19 3 0 17 28 
377,2.02537e+06,20 27 10 24 9 2 4 5 6 25 14 23 22 18 16 7 8 13 12 1 15 26 11 21 29 19 3 0 17 28 
378,2.02537e+06,20 27 10 24 9 2 4 5 6 25 14 23 22 18 16 7 8 13 12 1 15 26 11 21 29 19 3 0 17 28 
379,2.02537e+06,20 27 10 24 9 2 4 5 6 25 14 23 22 18 16 7 8 13 12 1 15 26 11 21 29 19 3 0 17 28 
380,2.02537e+06,20 27 10 24 9 2 4 5 6 25 14 23 22 18 16 7 8 13 12 1 15 26 11 21 29 19 3 0 17 28 
381,2.02537e+06,20 27 10 24 9 2 4 5 6 25 14 23 22 18 16 7 8 13 12 1 15 26 11 21 29 19 3 0 17 28 
382,2.02537e+06,20 27 10 24 9 2 4 5 6 25 14 23 22 18 16 7 8 13 12 1 15 26 11 21 29 19 3 0 17 28 
383,2.02537e+06,20 27 10 24 9 2 4 5 6 25 14 23 22 18 16 7 8 13 12 1 15 26 11 21 29 19 3 0 17 28 
384,2.02537e+06,20 27 10 24 9 2 4 5 6 25 14 23 22 18 16 7 8 13 12 1 15 26 11 21 29 19 3 0 17 28 
385,2.02537e+06,20 27 10 24 9 2 4 5 6 25 14 23 22 18 16 7 8 13 12 1 15 26 11 21 29 19 3 0 17 28 
386,2.02537e+06,20 27 10 24 9 2 4 5 6 25 14 23 22 18 16 7 8 13 12 1 15 26 11 21 29 19 3 0 17 28 
387,2.02537e+06,20 27 10 24 9 2 4 5 6 25 14 23 22 18 16 7 8 13 12 1 15 26 11 21 29 19 3 0 17 28 
388,2.02537e+06,20 27 10 24 9 2 4 5 6 25 14 23 22 18 16 7 8 13 12 1 15 26 11 21 29 19 3 0 17 28 
389,2.02537e+06,20 27 10 24 9 2 4 5 6 25 14 23 22 18 16 7 8 13 12 1 15 26 11 21 29 19 3 0 17 28 
390,2.02537e+06,20 27 10 24 9 2 4 5 6 25 14 23 22 18 16 7 8 13 12 1 15 26 11 21 29 19 3 0 17 28 
391,2.02537e+06,20 27 10 24 9 2 4 5 6 25 14 23 22 18 16 7 8 13 12 1 15 26 11 21 29 19 3 0 17 28 
392,2.02537e+06,20 27 10 24 9 2 4 5 6 25 14 23 22 18 16 7 8 13 12 1 15 26 11 21 29 19 3 0 17 28 
393,2.02537e+06,20 27 10 24 9 2 4 5 6 25 14 23 22 18 16 7 8 13 12 1 15 26 11 21 29 19 3 0 17 28 
394,2.02537e+06,20 27 10 24 9 2 4 5 6 25 14 23 22 18 16 7 8 13 12 1 15 26 11 21 29 19 3 0 17 28 
395,2.02537e+06,20 27 10 24 9 2 4 5 6 25 14 23 22 18 16 7 8 13 12 1 15 26 11 21 29 19 3 0 17 28 
396,2.02537e+06,20 27 10 24 9 2 4 5 6 25 14 23 22 18 16 7 8 13 12 1 15 26 11 21 29 19 3 0 17 28 
397,2.02537e+06,20 27 10 24 9 2 4 5 6 25 14 23 22 18 16 7 8 13 12 1 15 26 11 21 29 19 3 0 17 28 
398,2.02537e+06,20 27 10 24 9 2 4 5 6 25 14 23 22 18 16 7 8 13 12 1 15 26 11 21 29 19 3 0 17 28 
399,2.02537e+06,20 27 10 24 9 2 4 5 6 25 14 23 22 18 16 7 8 13 12 1 15 26 11 21 29 19 3 0 17 28 
400,2.02537e+06,20 27 10 24 9 2 4 5 6 25 14 23 22 18 16 7 8 13 12 1 15 26 11 21 29 19 3 0 17 28 
401,2.02537e+06,20 27 10 24 9 2 4 5 6 25 14 23 22 18 16 7 8 13 12 1 15 26 11 21 29 19 3 0 17 28 
402,2.02537e+06,20 27 10 24 9 2 4 5 6 25 14 23 22 18 16 7 8 13 12 1 15 26 11 21 29 19 3 0 17 28 
403,2.02537e+06,20 27 10 24 9 2 4 5 6 25 14 23 22 18 16 7 8 13 12 1 15 26 11 21 29 19 3 0 17 28 
404,2.02537e+06,20 27 10 24 9 2 4 5 6 25 14 23 22 18 16 7 8 13 12 1 15 26 11 21 29 19 3 0 17 28 
405,2.02537e+06,20 27 10 24 9 2 4 5 6 25 14 23 22 18 16 7 8 13 12 1 15 26 11 21 29 19 3 0 17 28 
406,2.02537e+06,20 27 10 24 9 2 4 5 6 25 14 23 22 18 16 7 8 13 12 1 15 26 11 21 29 19 3 0 17 28 
407,2.02537e+06,20 27 10 24 9 2 4 5 6 25 14 23 22 18 16 7 8 13 12 1 15 26 11 21 29 19 3 0 17 28 
408,2.02537e+06,20 27 10 24 9 2 4 5 6 25 14 23 22 18 16 7 8 13 12 1 15 26 11 21 29 19 3 0 17 28 
409,2.02537e+06,20 27 10 24 9 2 4 5 6 25 14 23 22 18 16 7 8 13 12 1 15 26 11 21 29 19 3 0 17 28 
410,2.02537e+06,20 27 10 24 9 2 4 5 6 25 14 23 22 18 16 7 8 13 12 1 15 26 11 21 29 19 3 0 17 28 
411,2.02537e+06,20 27 10 24 9 2 4 5 6 25 14 23 22 18 16 7 8 13 12 1 15 26 11 21 29 19 3 0 17 28 
412,2.02537e+06,20 27 10 24 9 2 4 5 6 25 14 23 22 18 16 7 8 13 12 1 15 26 11 21 29 19 3 0 17 28 
413,2.02537e+06,20 27 10 24 9 2 4 5 6 25 14 23 22 18 16 7 8 13 12 1 15 26 11 21 29 19 3 0 17 28 
414,2.02537e+06,20 27 10 24 9 2 4 5 6 25 14 23 22 18 16 7 8 13 12 1 15 26 11 21 29 19 3 0 17 28 
415,2.02537e+06,20 27 10 24 9 2 4 5 6 25 14 23 22 18 16 7 8 13 12 1 15 26 11 21 29 19 3 0 17 28 
416,2.02537e+06,20 27 10 24 9 2 4 5 6 25 14 23 22 18 16 7 8 13 12 1 15 26 11 21 29 19 3 0 17 28 
417,2.02537e+06,20 27 10 24 9 2 4 5 6 25 14 23 22 18 16 7 8 13 12 1 15 26 11 21 29 19 3 0 17 28 
418,2.02537e+06,20 27 10 24 9 2 4 5 6 25 14 23 22 18 16 7 8 13 12 1 15 26 11 21 29 19 3 0 17 28 
419,2.02537e+06,20 27 10 24 9 2 4 5 6 25 14 23 22 18 16 7 8 13 12 1 15 26 11 21 29 19 3 0 17 28 
420,2.02537e+06,20 27 10 24 9 2 4 5 6 25 14 23 22 18 16 7 8 13 12 1 15 26 11 21 29 19 3 0 17 28 
421,2.02537e+06,20 27 10 24 9 2 4 5 6 25 14 23 22 18 16 7 8 13 12 1 15 26 11 21 29 19 3 0 17 28 
422,2.02537e+06,20 27 10 24 9 2 4 5 6 25 14 23 22 18 16 7 8 13 12 1 15 26 11 21 29 19 3 0 17 28 
423,2.02537e+06,20 27 10 24 9 2 4 5 6 25 14 23 22 18 16 7 8 13 12 1 15 26 11 21 29 19 3 0 17 28 
424,2.02537e+06,20 27 10 24 9 2 4 5 6 25 14 23 22 18 16 7 8 13 12 1 15 26 11 21 29 19 3 0 17 28 
425,2.02537e+06,20 27 10 24 9 2 4 5 6 25 14 23 22 18 16 7 8 13 12 1 15 26 11 21 29 19 3 0 17 28 
426,2.02537e+06,20 27 10 24 9 2 4 5 6 25 14 23 22 18 16 7 8 13 12 1 15 26 11 21 29 19 3 0 17 28 
427,2.02537e+06,20 27 10 24 9 2 4 5 6 25 14 23 22 18 16 7 8 13 12 1 15 26 11 21 29 19 3 0 17 28 
428,2.02537e+06,20 27 10 24 9 2 4 5 6 25 14 23 22 18 16 7 8 13 12 1 15 26 11 21 29 19 3 0 17 28 
429,2.02537e+06,20 27 10 24 9 2 4 5 6 25 14 23 22 18 16 7 8 13 12 1 15 26 11 21 29 19 3 0 17 28 
430,2.02537e+06,20 27 10 24 9 2 4 5 6 25 14 23 22 18 16 7 8 13 12 1 15 26 11 21 29 19 3 0 17 28 
431,2.02537e+06,20 27 10 24 9 2 4 5 6 25 14 23 22 18 16 7 8 13 12 1 15 26 11 21 29 19 3 0 17 28 
432,2.02537e+06,20 27 10 24 9 2 4 5 6 25 14 23 22 18 16 7 8 13 12 1 15 26 11 21 29 19 3 0 17 28 
433,2.02537e+06,20 27 10 24 9 2 4 5 6 25 14 23 22 18 16 7 8 13 12 1 15 26 11 21 29 19 3 0 17 28 
434,2.02537e+06,20 27 10 24 9 2 4 5 6 25 14 23 22 18 16 7 8 13 12 1 15 26 11 21 29 19 3 0 17 28 
435,2.02537e+06,20 27 10 24 9 2 4 5 6 25 14 23 22 18 16 7 8 13 12 1 15 26 11 21 29 19 3 0 17 28 
436,2.02537e+06,20 27 10 24 9 2 4 5 6 25 14 23 22 18 16 7 8 13 12 1 15 26 11 21 29 19 3 0 17 28 
437,2.02537e+06,20 27 10 24 9 2 4 5 6 25 14 23 22 18 16 7 8 13 12 1 15 26 11 21 29 19 3 0 17 28 
438,2.02537e+06,20 27 10 24 9 2 4 5 6 25 14 23 22 18 16 7 8 13 12 1 15 26 11 21 29 19 3 0 17 28 
439,2.02537e+06,20 27 10 24 9 2 4 5 6 25 14 23 22 18 16 7 8 13 12 1 15 26 11 21 29 19 3 0 17 28 
440,2.02537e+06,20 27 10 24 9 2 4 5 6 25 14 23 22 18 16 7 8 13 12 1 15 26 11 21 29 19 3 0 17 28 
441,2.02537e+06,20 27 10 24 9 2 4 5 6 25 14 23 22 18 16 7 8 13 12 1 15 26 11 21 29 19 3 0 17 28 
442,2.02537e+06,20 27 10 24 9 2 4 5 6 25 14 23 22 18 16 7 8 13 12 1 15 26 11 21 29 19 3 0 17 28 
443,2.02537e+06,20 27 10 24 9 2 4 5 6 25 14 23 22 18 16 7 8 13 12 1 15 26 11 21 29 19 3 0 17 28 
444,2.02537e+06,20 27 10 24 9 2 4 5 6 25 14 23 22 18 16 7 8 13 12 1 15 26 11 21 29 19 3 0 17 28 
445,2.02537e+06,20 27 10 24 9 2 4 5 6 25 14 23 22 18 16 7 8 13 12 1 15 26 11 21 29 19 3 0 17 28 
446,2.02537e+06,20 27 10 24 9 2 4 5 6 25 14 23 22 18 16 7 8 13 12 1 15 26 11 21 29 19 3 0 17 28 
447,2.02537e+06,20 27 10 24 9 2 4 5 6 25 14 23 22 18 16 7 8 13 12 1 15 26 11 21 29 19 3 0 17 28 
448,2.02537e+06,20 27 10 24 9 2 4 5 6 25 14 23 22 18 16 7 8 13 12 1 15 26 11 21 29 19 3 0 17 28 
449,2.02537e+06,20 27 10 24 9 2 4 5 6 25 14 23 22 18 16 7 8 13 12 1 15 26 11 21 29 19 3 0 17 28 
450,2.02537e+06,20 27 10 24 9 2 4 5 6 25 14 23 22 18 16 7 8 13 12 1 15 26 11 21 29 19 3 0 17 28 
451,2.02537e+06,20 27 10 24 9 2 4 5 6 25 14 23 22 18 16 7 8 13 12 1 15 26 11 21 29 19 3 0 17 28 
452,2.02537e+06,20 27 10 24 9 2 4 5 6 25 14 23 22 18 16 7 8 13 12 1 15 26 11 21 29 19 3 0 17 28 
453,2.02537e+06,20 27 10 24 9 2 4 5 6 25 14 23 22 18 16 7 8 13 12 1 15 26 11 21 29 19 3 0 17 28 
454,2.02537e+06,20 27 10 24 9 2 4 5 6 25 14 23 22 18 16 7 8 13 12 1 15 26 11 21 29 19 3 0 17 28 
455,2.02537e+06,20 27 10 24 9 2 4 5 6 25 14 23 22 18 16 7 8 13 12 1 15 26 11 21 29 19 3 0 17 28 
456,2.02537e+06,20 27 10 24 9 2 4 5 6 25 14 23 22 18 16 7 8 13 12 1 15 26 11 21 29 19 3 0 17 28 
457,2.02537e+06,20 27 10 24 9 2 4 5 6 25 14 23 22 18 16 7 8 13 12 1 15 26 11 21 29 19 3 0 17 28 
458,2.02537e+06,20 27 10 24 9 2 4 5 6 25 14 23 22 18 16 7 8 13 12 1 15 26 11 21 29 19 3 0 17 28 
459,2.02537e+06,20 27 10 24 9 2 4 5 6 25 14 23 22 18 16 7 8 13 12 1 15 26 11 21 29 19 3 0 17 28 
460,2.02537e+06,20 27 10 24 9 2 4 5 6 25 14 23 22 18 16 7 8 13 12 1 15 26 11 21 29 19 3 0 17 28 
461,2.02537e+06,20 27 10 24 9 2 4 5 6 25 14 23 22 18 16 7 8 13 12 1 15 26 11 21 29 19 3 0 17 28 
462,2.02537e+06,20 27 10 24 9 2 4 5 6 25 14 23 22 18 16 7 8 13 12 1 15 26 11 21 29 19 3 0 17 28 
463,2.02537e+06,20 27 10 24 9 2 4 5 6 25 14 23 22 18 16 7 8 13 12 1 15 26 11 21 29 19 3 0 17 28 
464,2.02537e+06,20 27 10 24 9 2 4 5 6 25 14 23 22 18 16 7 8 13 12 1 15 26 11 21 29 19 3 0 17 28 
465,2.02537e+06,20 27 10 24 9 2 4 5 6 25 14 23 22 18 16 7 8 13 12 1 15 26 11 21 29 19 3 0 17 28 
466,2.02537e+06,20 27 10 24 9 2 4 5 6 25 14 23 22 18 16 7 8 13 12 1 15 26 11 21 29 19 3 0 17 28 
467,2.02537e+06,20 27 10 24 9 2 4 5 6 25 14 23 22 18 16 7 8 13 12 1 15 26 11 21 29 19 3 0 17 28 
468,2.02537e+06,20 27 10 24 9 2 4 5 6 25 14 23 22 18 16 7 8 13 12 1 15 26 11 21 29 19 3 0 17 28 
469,2.02537e+06,20 27 10 24 9 2 4 5 6 25 14 23 22 18 16 7 8 13 12 1 15 26 11 21 29 19 3 0 17 28 
470,2.02537e+06,20 27 10 24 9 2 4 5 6 25 14 23 22 18 16 7 8 13 12 1 15 26 11 21 29 19 3 0 17 28 
471,2.02537e+06,20 27 10 24 9 2 4 5 6 25 14 23 22 18 16 7 8 13 12 1 15 26 11 21 29 19 3 0 17 28 
472,2.02537e+06,20 27 10 24 9 2 4 5 6 25 14 23 22 18 16 7 8 13 12 1 15 26 11 21 29 19 3 0 17 28 
473,2.02537e+06,20 27 10 24 9 2 4 5 6 25 14 23 22 18 16 7 8 13 12 1 15 26 11 21 29 19 3 0 17 28 
474,2.02537e+06,20 27 10 24 9 2 4 5 6 25 14 23 22 18 16 7 8 13 12 1 15 26 11 21 29 19 3 0 17 28 
475,2.02537e+06,20 27 10 24 9 2 4 5 6 25 14 23 22 18 16 7 8 13 12 1 15 26 11 21 29 19 3 0 17 28 
476,2.02537e+06,20 27 10 24 9 2 4 5 6 25 14 23 22 18 16 7 8 13 12 1 15 26 11 21 29 19 3 0 17 28 
477,2.02537e+06,20 27 10 24 9 2 4 5 6 25 14 23 22 18 16 7 8 13 12 1 15 26 11 21 29 19 3 0 17 28 
478,2.02537e+06,20 27 10 24 9 2 4 5 6 25 14 23 22 18 16 7 8 13 12 1 15 26 11 21 29 19 3 0 17 28 
479,2.02537e+06,20 27 10 24 9 2 4 5 6 25 14 23 22 18 16 7 8 13 12 1 15 26 11 21 29 19 3 0 17 28 
480,2.02537e+06,20 27 10 24 9 2 4 5 6 25 14 23 22 18 16 7 8 13 12 1 15 26 11 21 29 19 3 0 17 28 
481,2.02537e+06,20 27 10 24 9 2 4 5 6 25 14 23 22 18 16 7 8 13 12 1 15 26 11 21 29 19 3 0 17 28 
482,2.02537e+06,20 27 10 24 9 2 4 5 6 25 14 23 22 18 16 7 8 13 12 1 15 26 11 21 29 19 3 0 17 28 
483,2.02537e+06,20 27 10 24 9 2 4 5 6 25 14 23 22 18 16 7 8 13 12 1 15 26 11 21 29 19 3 0 17 28 
484,2.02537e+06,20 27 10 24 9 2 4 5 6 25 14 23 22 18 16 7 8 13 12 1 15 26 11 21 29 19 3 0 17 28 
485,2.02537e+06,20 27 10 24 9 2 4 5 6 25 14 23 22 18 16 7 8 13 12 1 15 26 11 21 29 19 3 0 17 28 
486,2.02537e+06,20 27 10 24 9 2 4 5 6 25 14 23 22 18 16 7 8 13 12 1 15 26 11 21 29 19 3 0 17 28 
487,2.02537e+06,20 27 10 24 9 2 4 5 6 25 14 23 22 18 16 7 8 13 12 1 15 26 11 21 29 19 3 0 17 28 
488,2.02537e+06,20 27 10 24 9 2 4 5 6 25 14 23 22 18 16 7 8 13 12 1 15 26 11 21 29 19 3 0 17 28 
489,2.02537e+06,20 27 10 24 9 2 4 5 6 25 14 23 22 18 16 7 8 13 12 1 15 26 11 21 29 19 3 0 17 28 
490,2.02537e+06,20 27 10 24 9 2 4 5 6 25 14 23 22 18 16 7 8 13 12 1 15 26 11 21 29 19 3 0 17 28 
491,2.02537e+06,20 27 10 24 9 2 4 5 6 25 14 23 22 18 16 7 8 13 12 1 15 26 11 21 29 19 3 0 17 28 
492,2.02537e+06,20 27 10 24 9 2 4 5 6 25 14 23 22 18 16 7 8 13 12 1 15 26 11 21 29 19 3 0 17 28 
493,2.02537e+06,20 27 10 24 9 2 4 5 6 25 14 23 22 18 16 7 8 13 12 1 15 26 11 21 29 19 3 0 17 28 
494,2.02537e+06,20 27 10 24 9 2 4 5 6 25 14 23 22 18 16 7 8 13 12 1 15 26 11 21 29 19 3 0 17 28 
495,2.02537e+06,20 27 10 24 9 2 4 5 6 25 14 23 22 18 16 7 8 13 12 1 15 26 11 21 29 19 3 0 17 28 
496,2.02537e+06,20 27 10 24 9 2 4 5 6 25 14 23 22 18 16 7 8 13 12 1 15 26 11 21 29 19 3 0 17 28 
497,2.02537e+06,20 27 10 24 9 2 4 5 6 25 14 23 22 18 16 7 8 13 12 1 15 26 11 21 29 19 3 0 17 28 
498,2.02537e+06,20 27 10 24 9 2 4 5 6 25 14 23 22 18 16 7 8 13 12 1 15 26 11 21 29 19 3 0 17 28 
499,2.02537e+06,20 27 10 24 9 2 4 5 6 25 14 23 22 18 16 7 8 13 12 1 15 26 11 21 29 19 3 0 17 28 
500,2.02537e+06,20 27 10 24 9 2 4 5 6 25 14 23 22 18 16 7 8 13 12 1 15 26 11 21 29 19 3 0 17 28 
501,2.02537e+06,20 27 10 24 9 2 4 5 6 25 14 23 22 18 16 7 8 13 12 1 15 26 11 21 29 19 3 0 17 28 
502,2.02537e+06,20 27 10 24 9 2 4 5 6 25 14 23 22 18 16 7 8 13 12 1 15 26 11 21 29 19 3 0 17 28 
503,2.02537e+06,20 27 10 24 9 2 4 5 6 25 14 23 22 18 16 7 8 13 12 1 15 26 11 21 29 19 3 0 17 28 
504,2.02537e+06,20 27 10 24 9 2 4 5 6 25 14 23 22 18 16 7 8 13 12 1 15 26 11 21 29 19 3 0 17 28 
505,2.02537e+06,20 27 10 24 9 2 4 5 6 25 14 23 22 18 16 7 8 13 12 1 15 26 11 21 29 19 3 0 17 28 
506,2.02537e+06,20 27 10 24 9 2 4 5 6 25 14 23 22 18 16 7 8 13 12 1 15 26 11 21 29 19 3 0 17 28 
507,2.02537e+06,20 27 10 24 9 2 4 5 6 25 14 23 22 18 16 7 8 13 12 1 15 26 11 21 29 19 3 0 17 28 
508,2.02537e+06,20 27 10 24 9 2 4 5 6 25 14 23 22 18 16 7 8 13 12 1 15 26 11 21 29 19 3 0 17 28 
509,2.02537e+06,20 27 10 24 9 2 4 5 6 25 14 23 22 18 16 7 8 13 12 1 15 26 11 21 29 19 3 0 17 28 
510,2.02537e+06,20 27 10 24 9 2 4 5 6 25 14 23 22 18 16 7 8 13 12 1 15 26 11 21 29 19 3 0 17 28 
511,2.02537e+06,20 27 10 24 9 2 4 5 6 25 14 23 22 18 16 7 8 13 12 1 15 26 11 21 29 19 3 0 17 28 
512,2.02537e+06,20 27 10 24 9 2 4 5 6 25 14 23 22 18 16 7 8 13 12 1 15 26 11 21 29 19 3 0 17 28 
513,2.02537e+06,20 27 10 24 9 2 4 5 6 25 14 23 22 18 16 7 8 13 12 1 15 26 11 21 29 19 3 0 17 28 
514,2.02537e+06,20 27 10 24 9 2 4 5 6 25 14 23 22 18 16 7 8 13 12 1 15 26 11 21 29 19 3 0 17 28 
515,2.02537e+06,20 27 10 24 9 2 4 5 6 25 14 23 22 18 16 7 8 13 12 1 15 26 11 21 29 19 3 0 17 28 
516,2.02537e+06,20 27 10 24 9 2 4 5 6 25 14 23 22 18 16 7 8 13 12 1 15 26 11 21 29 19 3 0 17 28 
517,2.02537e+06,20 27 10 24 9 2 4 5 6 25 14 23 22 18 16 7 8 13 12 1 15 26 11 21 29 19 3 0 17 28 
518,2.02537e+06,20 27 10 24 9 2 4 5 6 25 14 23 22 18 16 7 8 13 12 1 15 26 11 21 29 19 3 0 17 28 
519,2.02537e+06,20 27 10 24 9 2 4 5 6 25 14 23 22 18 16 7 8 13 12 1 15 26 11 21 29 19 3 0 17 28 
520,2.02537e+06,20 27 10 24 9 2 4 5 6 25 14 23 22 18 16 7 8 13 12 1 15 26 11 21 29 19 3 0 17 28 
521,2.02537e+06,20 27 10 24 9 2 4 5 6 25 14 23 22 18 16 7 8 13 12 1 15 26 11 21 29 19 3 0 17 28 
522,2.02537e+06,20 27 10 24 9 2 4 5 6 25 14 23 22 18 16 7 8 13 12 1 15 26 11 21 29 19 3 0 17 28 
523,2.02537e+06,20 27 10 24 9 2 4 5 6 25 14 23 22 18 16 7 8 13 12 1 15 26 11 21 29 19 3 0 17 28 
524,2.02537e+06,20 27 10 24 9 2 4 5 6 25 14 23 22 18 16 7 8 13 12 1 15 26 11 21 29 19 3 0 17 28 
525,2.02537e+06,20 27 10 24 9 2 4 5 6 25 14 23 22 18 16 7 8 13 12 1 15 26 11 21 29 19 3 0 17 28 
526,2.02537e+06,20 27 10 24 9 2 4 5 6 25 14 23 22 18 16 7 8 13 12 1 15 26 11 21 29 19 3 0 17 28 
527,2.02537e+06,20 27 10 24 9 2 4 5 6 25 14 23 22 18 16 7 8 13 12 1 15 26 11 21 29 19 3 0 17 28 
528,2.02537e+06,20 27 10 24 9 2 4 5 6 25 14 23 22 18 16 7 8 13 12 1 15 26 11 21 29 19 3 0 17 28 
529,2.02537e+06,20 27 10 24 9 2 4 5 6 25 14 23 22 18 16 7 8 13 12 1 15 26 11 21 29 19 3 0 17 28 
530,2.02537e+06,20 27 10 24 9 2 4 5 6 25 14 23 22 18 16 7 8 13 12 1 15 26 11 21 29 19 3 0 17 28 
531,2.02537e+06,20 27 10 24 9 2 4 5 6 25 14 23 22 18 16 7 8 13 12 1 15 26 11 21 29 19 3 0 17 28 
532,2.02537e+06,20 27 10 24 9 2 4 5 6 25 14 23 22 18 16 7 8 13 12 1 15 26 11 21 29 19 3 0 17 28 
533,2.02537e+06,20 27 10 24 9 2 4 5 6 25 14 23 22 18 16 7 8 13 12 1 15 26 11 21 29 19 3 0 17 28 
534,2.02537e+06,20 27 10 24 9 2 4 5 6 25 14 23 22 18 16 7 8 13 12 1 15 26 11 21 29 19 3 0 17 28 
535,2.02537e+06,20 27 10 24 9 2 4 5 6 25 14 23 22 18 16 7 8 13 12 1 15 26 11 21 29 19 3 0 17 28 
536,2.02537e+06,20 27 10 24 9 2 4 5 6 25 14 23 22 18 16 7 8 13 12 1 15 26 11 21 29 19 3 0 17 28 
537,2.02537e+06,20 27 10 24 9 2 4 5 6 25 14 23 22 18 16 7 8 13 12 1 15 26 11 21 29 19 3 0 17 28 
538,2.02537e+06,20 27 10 24 9 2 4 5 6 25 14 23 22 18 16 7 8 13 12 1 15 26 11 21 29 19 3 0 17 28 
539,2.02537e+06,20 27 10 24 9 2 4 5 6 25 14 23 22 18 16 7 8 13 12 1 15 26 11 21 29 19 3 0 17 28 
540,2.02537e+06,20 27 10 24 9 2 4 5 6 25 14 23 22 18 16 7 8 13 12 1 15 26 11 21 29 19 3 0 17 28 
541,2.02537e+06,20 27 10 24 9 2 4 5 6 25 14 23 22 18 16 7 8 13 12 1 15 26 11 21 29 19 3 0 17 28 
542,2.02537e+06,20 27 10 24 9 2 4 5 6 25 14 23 22 18 16 7 8 13 12 1 15 26 11 21 29 19 3 0 17 28 
543,2.02537e+06,20 27 10 24 9 2 4 5 6 25 14 23 22 18 16 7 8 13 12 1 15 26 11 21 29 19 3 0 17 28 
544,2.02537e+06,20 27 10 24 9 2 4 5 6 25 14 23 22 18 16 7 8 13 12 1 15 26 11 21 29 19 3 0 17 28 
545,2.02537e+06,20 27 10 24 9 2 4 5 6 25 14 23 22 18 16 7 8 13 12 1 15 26 11 21 29 19 3 0 17 28 
546,2.02537e+06,20 27 10 24 9 2 4 5 6 25 14 23 22 18 16 7 8 13 12 1 15 26 11 21 29 19 3 0 17 28 
547,2.02537e+06,20 27 10 24 9 2 4 5 6 25 14 23 22 18 16 7 8 13 12 1 15 26 11 21 29 19 3 0 17 28 
548,2.02537e+06,20 27 10 24 9 2 4 5 6 25 14 23 22 18 16 7 8 13 12 1 15 26 11 21 29 19 3 0 17 28 
549,2.02537e+06,20 27 10 24 9 2 4 5 6 25 14 23 22 18 16 7 8 13 12 1 15 26 11 21 29 19 3 0 17 28 
550,2.02537e+06,20 27 10 24 9 2 4 5 6 25 14 23 22 18 16 7 8 13 12 1 15 26 11 21 29 19 3 0 17 28 
551,2.02537e+06,20 27 10 24 9 2 4 5 6 25 14 23 22 18 16 7 8 13 12 1 15 26 11 21 29 19 3 0 17 28 
552,2.02537e+06,20 27 10 24 9 2 4 5 6 25 14 23 22 18 16 7 8 13 12 1 15 26 11 21 29 19 3 0 17 28 
553,2.02537e+06,20 27 10 24 9 2 4 5 6 25 14 23 22 18 16 7 8 13 12 1 15 26 11 21 29 19 3 0 17 28 
554,2.02537e+06,20 27 10 24 9 2 4 5 6 25 14 23 22 18 16 7 8 13 12 1 15 26 11 21 29 19 3 0 17 28 
555,2.02537e+06,20 27 10 24 9 2 4 5 6 25 14 23 22 18 16 7 8 13 12 1 15 26 11 21 29 19 3 0 17 28 
556,2.02537e+06,20 27 10 24 9 2 4 5 6 25 14 23 22 18 16 7 8 13 12 1 15 26 11 21 29 19 3 0 17 28 
557,2.02537e+06,20 27 10 24 9 2 4 5 6 25 14 23 22 18 16 7 8 13 12 1 15 26 11 21 29 19 3 0 17 28 
558,2.02537e+06,20 27 10 24 9 2 4 5 6 25 14 23 22 18 16 7 8 13 12 1 15 26 11 21 29 19 3 0 17 28 
559,2.02537e+06,20 27 10 24 9 2 4 5 6 25 14 23 22 18 16 7 8 13 12 1 15 26 11 21 29 19 3 0 17 28 
560,2.02537e+06,20 27 10 24 9 2 4 5 6 25 14 23 22 18 16 7 8 13 12 1 15 26 11 21 29 19 3 0 17 28 
561,2.02537e+06,20 27 10 24 9 2 4 5 6 25 14 23 22 18 16 7 8 13 12 1 15 26 11 21 29 19 3 0 17 28 
562,2.02537e+06,20 27 10 24 9 2 4 5 6 25 14 23 22 18 16 7 8 13 12 1 15 26 11 21 29 19 3 0 17 28 
563,2.02537e+06,20 27 10 24 9 2 4 5 6 25 14 23 22 18 16 7 8 13 12 1 15 26 11 21 29 19 3 0 17 28 
564,2.02537e+06,20 27 10 24 9 2 4 5 6 25 14 23 22 18 16 7 8 13 12 1 15 26 11 21 29 19 3 0 17 28 
565,2.02537e+06,20 27 10 24 9 2 4 5 6 25 14 23 22 18 16 7 8 13 12 1 15 26 11 21 29 19 3 0 17 28 
566,2.02537e+06,20 27 10 24 9 2 4 5 6 25 14 23 22 18 16 7 8 13 12 1 15 26 11 21 29 19 3 0 17 28 
567,2.02537e+06,20 27 10 24 9 2 4 5 6 25 14 23 22 18 16 7 8 13 12 1 15 26 11 21 29 19 3 0 17 28 
568,2.02537e+06,20 27 10 24 9 2 4 5 6 25 14 23 22 18 16 7 8 13 12 1 15 26 11 21 29 19 3 0 17 28 
569,2.02537e+06,20 27 10 24 9 2 4 5 6 25 14 23 22 18 16 7 8 13 12 1 15 26 11 21 29 19 3 0 17 28 
570,2.02537e+06,20 27 10 24 9 2 4 5 6 25 14 23 22 18 16 7 8 13 12 1 15 26 11 21 29 19 3 0 17 28 
571,2.02537e+06,20 27 10 24 9 2 4 5 6 25 14 23 22 18 16 7 8 13 12 1 15 26 11 21 29 19 3 0 17 28 
572,2.02537e+06,20 27 10 24 9 2 4 5 6 25 14 23 22 18 16 7 8 13 12 1 15 26 11 21 29 19 3 0 17 28 
573,2.02537e+06,20 27 10 24 9 2 4 5 6 25 14 23 22 18 16 7 8 13 12 1 15 26 11 21 29 19 3 0 17 28 
574,2.02537e+06,20 27 10 24 9 2 4 5 6 25 14 23 22 18 16 7 8 13 12 1 15 26 11 21 29 19 3 0 17 28 
575,2.02537e+06,20 27 10 24 9 2 4 5 6 25 14 23 22 18 16 7 8 13 12 1 15 26 11 21 29 19 3 0 17 28 
576,2.02537e+06,20 27 10 24 9 2 4 5 6 25 14 23 22 18 16 7 8 13 12 1 15 26 11 21 29 19 3 0 17 28 
577,2.02537e+06,20 27 10 24 9 2 4 5 6 25 14 23 22 18 16 7 8 13 12 1 15 26 11 21 29 19 3 0 17 28 
578,2.02537e+06,20 27 10 24 9 2 4 5 6 25 14 23 22 18 16 7 8 13 12 1 15 26 11 21 29 19 3 0 17 28 
579,2.02537e+06,20 27 10 24 9 2 4 5 6 25 14 23 22 18 16 7 8 13 12 1 15 26 11 21 29 19 3 0 17 28 
580,2.02537e+06,20 27 10 24 9 2 4 5 6 25 14 23 22 18 16 7 8 13 12 1 15 26 11 21 29 19 3 0 17 28 
581,2.02537e+06,20 27 10 24 9 2 4 5 6 25 14 23 22 18 16 7 8 13 12 1 15 26 11 21 29 19 3 0 17 28 
582,2.02537e+06,20 27 10 24 9 2 4 5 6 25 14 23 22 18 16 7 8 13 12 1 15 26 11 21 29 19 3 0 17 28 
583,2.02537e+06,20 27 10 24 9 2 4 5 6 25 14 23 22 18 16 7 8 13 12 1 15 26 11 21 29 19 3 0 17 28 
584,2.02537e+06,20 27 10 24 9 2 4 5 6 25 14 23 22 18 16 7 8 13 12 1 15 26 11 21 29 19 3 0 17 28 
585,2.02537e+06,20 27 10 24 9 2 4 5 6 25 14 23 22 18 16 7 8 13 12 1 15 26 11 21 29 19 3 0 17 28 
586,2.02537e+06,20 27 10 24 9 2 4 5 6 25 14 23 22 18 16 7 8 13 12 1 15 26 11 21 29 19 3 0 17 28 
587,2.02537e+06,20 27 10 24 9 2 4 5 6 25 14 23 22 18 16 7 8 13 12 1 15 26 11 21 29 19 3 0 17 28 
588,2.02537e+06,20 27 10 24 9 2 4 5 6 25 14 23 22 18 16 7 8 13 12 1 15 26 11 21 29 19 3 0 17 28 
589,2.02537e+06,20 27 10 24 9 2 4 5 6 25 14 23 22 18 16 7 8 13 12 1 15 26 11 21 29 19 3 0 17 28 
590,2.02537e+06,20 27 10 24 9 2 4 5 6 25 14 23 22 18 16 7 8 13 12 1 15 26 11 21 29 19 3 0 17 28 
591,2.02537e+06,20 27 10 24 9 2 4 5 6 25 14 23 22 18 16 7 8 13 12 1 15 26 11 21 29 19 3 0 17 28 
592,2.02537e+06,20 27 10 24 9 2 4 5 6 25 14 23 22 18 16 7 8 13 12 1 15 26 11 21 29 19 3 0 17 28 
593,2.02537e+06,20 27 10 24 9 2 4 5 6 25 14 23 22 18 16 7 8 13 12 1 15 26 11 21 29 19 3 0 17 28 
594,2.02537e+06,20 27 10 24 9 2 4 5 6 25 14 23 22 18 16 7 8 13 12 1 15 26 11 21 29 19 3 0 17 28 
595,2.02537e+06,20 27 10 24 9 2 4 5 6 25 14 23 22 18 16 7 8 13 12 1 15 26 11 21 29 19 3 0 17 28 
596,2.02537e+06,20 27 10 24 9 2 4 5 6 25 14 23 22 18 16 7 8 13 12 1 15 26 11 21 29 19 3 0 17 28 
597,2.02537e+06,20 27 10 24 9 2 4 5 6 25 14 23 22 18 16 7 8 13 12 1 15 26 11 21 29 19 3 0 17 28 
598,2.02537e+06,20 27 10 24 9 2 4 5 6 25 14 23 22 18 16 7 8 13 12 1 15 26 11 21 29 19 3 0 17 28 
599,2.02537e+06,20 27 10 24 9 2 4 5 6 25 14 23 22 18 16 7 8 13 12 1 15 26 11 21 29 19 3 0 17 28 
600,2.02537e+06,20 27 10 24 9 2 4 5 6 25 14 23 22 18 16 7 8 13 12 1 15 26 11 21 29 19 3 0 17 28 
601,2.02537e+06,20 27 10 24 9 2 4 5 6 25 14 23 22 18 16 7 8 13 12 1 15 26 11 21 29 19 3 0 17 28 
602,2.02537e+06,20 27 10 24 9 2 4 5 6 25 14 23 22 18 16 7 8 13 12 1 15 26 11 21 29 19 3 0 17 28 
603,2.02537e+06,20 27 10 24 9 2 4 5 6 25 14 23 22 18 16 7 8 13 12 1 15 26 11 21 29 19 3 0 17 28 
604,2.02537e+06,20 27 10 24 9 2 4 5 6 25 14 23 22 18 16 7 8 13 12 1 15 26 11 21 29 19 3 0 17 28 
605,2.02537e+06,20 27 10 24 9 2 4 5 6 25 14 23 22 18 16 7 8 13 12 1 15 26 11 21 29 19 3 0 17 28 
606,2.02537e+06,20 27 10 24 9 2 4 5 6 25 14 23 22 18 16 7 8 13 12 1 15 26 11 21 29 19 3 0 17 28 
607,2.02537e+06,20 27 10 24 9 2 4 5 6 25 14 23 22 18 16 7 8 13 12 1 15 26 11 21 29 19 3 0 17 28 
608,2.02537e+06,20 27 10 24 9 2 4 5 6 25 14 23 22 18 16 7 8 13 12 1 15 26 11 21 29 19 3 0 17 28 
609,2.02537e+06,20 27 10 24 9 2 4 5 6 25 14 23 22 18 16 7 8 13 12 1 15 26 11 21 29 19 3 0 17 28 
610,2.02537e+06,20 27 10 24 9 2 4 5 6 25 14 23 22 18 16 7 8 13 12 1 15 26 11 21 29 19 3 0 17 28 
611,2.02537e+06,20 27 10 24 9 2 4 5 6 25 14 23 22 18 16 7 8 13 12 1 15 26 11 21 29 19 3 0 17 28 
612,2.02537e+06,20 27 10 24 9 2 4 5 6 25 14 23 22 18 16 7 8 13 12 1 15 26 11 21 29 19 3 0 17 28 
613,2.02537e+06,20 27 10 24 9 2 4 5 6 25 14 23 22 18 16 7 8 13 12 1 15 26 11 21 29 19 3 0 17 28 
614,2.02537e+06,20 27 10 24 9 2 4 5 6 25 14 23 22 18 16 7 8 13 12 1 15 26 11 21 29 19 3 0 17 28 
615,2.02537e+06,20 27 10 24 9 2 4 5 6 25 14 23 22 18 16 7 8 13 12 1 15 26 11 21 29 19 3 0 17 28 
616,2.02537e+06,20 27 10 24 9 2 4 5 6 25 14 23 22 18 16 7 8 13 12 1 15 26 11 21 29 19 3 0 17 28 
617,2.02537e+06,20 27 10 24 9 2 4 5 6 25 14 23 22 18 16 7 8 13 12 1 15 26 11 21 29 19 3 0 17 28 
618,2.02537e+06,20 27 10 24 9 2 4 5 6 25 14 23 22 18 16 7 8 13 12 1 15 26 11 21 29 19 3 0 17 28 
619,2.02537e+06,20 27 10 24 9 2 4 5 6 25 14 23 22 18 16 7 8 13 12 1 15 26 11 21 29 19 3 0 17 28 
620,2.02537e+06,20 27 10 24 9 2 4 5 6 25 14 23 22 18 16 7 8 13 12 1 15 26 11 21 29 19 3 0 17 28 
621,2.02537e+06,20 27 10 24 9 2 4 5 6 25 14 23 22 18 16 7 8 13 12 1 15 26 11 21 29 19 3 0 17 28 
622,2.02537e+06,20 27 10 24 9 2 4 5 6 25 14 23 22 18 16 7 8 13 12 1 15 26 11 21 29 19 3 0 17 28 
623,2.02537e+06,20 27 10 24 9 2 4 5 6 25 14 23 22 18 16 7 8 13 12 1 15 26 11 21 29 19 3 0 17 28 
624,2.02537e+06,20 27 10 24 9 2 4 5 6 25 14 23 22 18 16 7 8 13 12 1 15 26 11 21 29 19 3 0 17 28 
625,2.02537e+06,20 27 10 24 9 2 4 5 6 25 14 23 22 18 16 7 8 13 12 1 15 26 11 21 29 19 3 0 17 28 
626,2.02537e+06,20 27 10 24 9 2 4 5 6 25 14 23 22 18 16 7 8 13 12 1 15 26 11 21 29 19 3 0 17 28 
627,2.02537e+06,20 27 10 24 9 2 4 5 6 25 14 23 22 18 16 7 8 13 12 1 15 26 11 21 29 19 3 0 17 28 
628,2.02537e+06,20 27 10 24 9 2 4 5 6 25 14 23 22 18 16 7 8 13 12 1 15 26 11 21 29 19 3 0 17 28 
629,2.02537e+06,20 27 10 24 9 2 4 5 6 25 14 23 22 18 16 7 8 13 12 1 15 26 11 21 29 19 3 0 17 28 
630,2.02537e+06,20 27 10 24 9 2 4 5 6 25 14 23 22 18 16 7 8 13 12 1 15 26 11 21 29 19 3 0 17 28 
631,2.02537e+06,20 27 10 24 9 2 4 5 6 25 14 23 22 18 16 7 8 13 12 1 15 26 11 21 29 19 3 0 17 28 
632,2.02537e+06,20 27 10 24 9 2 4 5 6 25 14 23 22 18 16 7 8 13 12 1 15 26 11 21 29 19 3 0 17 28 
633,2.02537e+06,20 27 10 24 9 2 4 5 6 25 14 23 22 18 16 7 8 13 12 1 15 26 11 21 29 19 3 0 17 28 
634,2.02537e+06,20 27 10 24 9 2 4 5 6 25 14 23 22 18 16 7 8 13 12 1 15 26 11 21 29 19 3 0 17 28 
635,2.02537e+06,20 27 10 24 9 2 4 5 6 25 14 23 22 18 16 7 8 13 12 1 15 26 11 21 29 19 3 0 17 28 
636,2.02537e+06,20 27 10 24 9 2 4 5 6 25 14 23 22 18 16 7 8 13 12 1 15 26 11 21 29 19 3 0 17 28 
637,2.02537e+06,20 27 10 24 9 2 4 5 6 25 14 23 22 18 16 7 8 13 12 1 15 26 11 21 29 19 3 0 17 28 
638,2.02537e+06,20 27 10 24 9 2 4 5 6 25 14 23 22 18 16 7 8 13 12 1 15 26 11 21 29 19 3 0 17 28 
639,2.02537e+06,20 27 10 24 9 2 4 5 6 25 14 23 22 18 16 7 8 13 12 1 15 26 11 21 29 19 3 0 17 28 
640,2.02537e+06,20 27 10 24 9 2 4 5 6 25 14 23 22 18 16 7 8 13 12 1 15 26 11 21 29 19 3 0 17 28 
641,2.02537e+06,20 27 10 24 9 2 4 5 6 25 14 23 22 18 16 7 8 13 12 1 15 26 11 21 29 19 3 0 17 28 
642,2.02537e+06,20 27 10 24 9 2 4 5 6 25 14 23 22 18 16 7 8 13 12 1 15 26 11 21 29 19 3 0 17 28 
643,2.02537e+06,20 27 10 24 9 2 4 5 6 25 14 23 22 18 16 7 8 13 12 1 15 26 11 21 29 19 3 0 17 28 
644,2.02537e+06,20 27 10 24 9 2 4 5 6 25 14 23 22 18 16 7 8 13 12 1 15 26 11 21 29 19 3 0 17 28 
645,2.02537e+06,20 27 10 24 9 2 4 5 6 25 14 23 22 18 16 7 8 13 12 1 15 26 11 21 29 19 3 0 17 28 
646,2.02537e+06,20 27 10 24 9 2 4 5 6 25 14 23 22 18 16 7 8 13 12 1 15 26 11 21 29 19 3 0 17 28 
647,2.02537e+06,20 27 10 24 9 2 4 5 6 25 14 23 22 18 16 7 8 13 12 1 15 26 11 21 29 19 3 0 17 28 
648,2.02537e+06,20 27 10 24 9 2 4 5 6 25 14 23 22 18 16 7 8 13 12 1 15 26 11 21 29 19 3 0 17 28 
649,2.02537e+06,20 27 10 24 9 2 4 5 6 25 14 23 22 18 16 7 8 13 12 1 15 26 11 21 29 19 3 0 17 28 
650,2.02537e+06,20 27 10 24 9 2 4 5 6 25 14 23 22 18 16 7 8 13 12 1 15 26 11 21 29 19 3 0 17 28 
651,2.02537e+06,20 27 10 24 9 2 4 5 6 25 14 23 22 18 16 7 8 13 12 1 15 26 11 21 29 19 3 0 17 28 
652,2.02537e+06,20 27 10 24 9 2 4 5 6 25 14 23 22 18 16 7 8 13 12 1 15 26 11 21 29 19 3 0 17 28 
653,2.02537e+06,20 27 10 24 9 2 4 5 6 25 14 23 22 18 16 7 8 13 12 1 15 26 11 21 29 19 3 0 17 28 
654,2.02537e+06,20 27 10 24 9 2 4 5 6 25 14 23 22 18 16 7 8 13 12 1 15 26 11 21 29 19 3 0 17 28 
655,2.02537e+06,20 27 10 24 9 2 4 5 6 25 14 23 22 18 16 7 8 13 12 1 15 26 11 21 29 19 3 0 17 28 
656,2.02537e+06,20 27 10 24 9 2 4 5 6 25 14 23 22 18 16 7 8 13 12 1 15 26 11 21 29 19 3 0 17 28 
657,2.02537e+06,20 27 10 24 9 2 4 5 6 25 14 23 22 18 16 7 8 13 12 1 15 26 11 21 29 19 3 0 17 28 
658,2.02537e+06,20 27 10 24 9 2 4 5 6 25 14 23 22 18 16 7 8 13 12 1 15 26 11 21 29 19 3 0 17 28 
659,2.02537e+06,20 27 10 24 9 2 4 5 6 25 14 23 22 18 16 7 8 13 12 1 15 26 11 21 29 19 3 0 17 28 
660,2.02537e+06,20 27 10 24 9 2 4 5 6 25 14 23 22 18 16 7 8 13 12 1 15 26 11 21 29 19 3 0 17 28 
661,2.02537e+06,20 27 10 24 9 2 4 5 6 25 14 23 22 18 16 7 8 13 12 1 15 26 11 21 29 19 3 0 17 28 
662,2.02537e+06,20 27 10 24 9 2 4 5 6 25 14 23 22 18 16 7 8 13 12 1 15 26 11 21 29 19 3 0 17 28 
663,2.02537e+06,20 27 10 24 9 2 4 5 6 25 14 23 22 18 16 7 8 13 12 1 15 26 11 21 29 19 3 0 17 28 
664,2.02537e+06,20 27 10 24 9 2 4 5 6 25 14 23 22 18 16 7 8 13 12 1 15 26 11 21 29 19 3 0 17 28 
665,2.02537e+06,20 27 10 24 9 2 4 5 6 25 14 23 22 18 16 7 8 13 12 1 15 26 11 21 29 19 3 0 17 28 
666,2.02537e+06,20 27 10 24 9 2 4 5 6 25 14 23 22 18 16 7 8 13 12 1 15 26 11 21 29 19 3 0 17 28 
667,2.02537e+06,20 27 10 24 9 2 4 5 6 25 14 23 22 18 16 7 8 13 12 1 15 26 11 21 29 19 3 0 17 28 
668,2.02537e+06,20 27 10 24 9 2 4 5 6 25 14 23 22 18 16 7 8 13 12 1 15 26 11 21 29 19 3 0 17 28 
669,2.02537e+06,20 27 10 24 9 2 4 5 6 25 14 23 22 18 16 7 8 13 12 1 15 26 11 21 29 19 3 0 17 28 
670,2.02537e+06,20 27 10 24 9 2 4 5 6 25 14 23 22 18 16 7 8 13 12 1 15 26 11 21 29 19 3 0 17 28 
671,2.02537e+06,20 27 10 24 9 2 4 5 6 25 14 23 22 18 16 7 8 13 12 1 15 26 11 21 29 19 3 0 17 28 
672,2.02537e+06,20 27 10 24 9 2 4 5 6 25 14 23 22 18 16 7 8 13 12 1 15 26 11 21 29 19 3 0 17 28 
673,2.02537e+06,20 27 10 24 9 2 4 5 6 25 14 23 22 18 16 7 8 13 12 1 15 26 11 21 29 19 3 0 17 28 
674,2.02537e+06,20 27 10 24 9 2 4 5 6 25 14 23 22 18 16 7 8 13 12 1 15 26 11 21 29 19 3 0 17 28 
675,2.02537e+06,20 27 10 24 9 2 4 5 6 25 14 23 22 18 16 7 8 13 12 1 15 26 11 21 29 19 3 0 17 28 
676,2.02537e+06,20 27 10 24 9 2 4 5 6 25 14 23 22 18 16 7 8 13 12 1 15 26 11 21 29 19 3 0 17 28 
677,2.02537e+06,20 27 10 24 9 2 4 5 6 25 14 23 22 18 16 7 8 13 12 1 15 26 11 21 29 19 3 0 17 28 
678,2.02537e+06,20 27 10 24 9 2 4 5 6 25 14 23 22 18 16 7 8 13 12 1 15 26 11 21 29 19 3 0 17 28 
679,2.02537e+06,20 27 10 24 9 2 4 5 6 25 14 23 22 18 16 7 8 13 12 1 15 26 11 21 29 19 3 0 17 28 
680,2.02537e+06,20 27 10 24 9 2 4 5 6 25 14 23 22 18 16 7 8 13 12 1 15 26 11 21 29 19 3 0 17 28 
681,2.02537e+06,20 27 10 24 9 2 4 5 6 25 14 23 22 18 16 7 8 13 12 1 15 26 11 21 29 19 3 0 17 28 
682,2.02537e+06,20 27 10 24 9 2 4 5 6 25 14 23 22 18 16 7 8 13 12 1 15 26 11 21 29 19 3 0 17 28 
683,2.02537e+06,20 27 10 24 9 2 4 5 6 25 14 23 22 18 16 7 8 13 12 1 15 26 11 21 29 19 3 0 17 28 
684,2.02537e+06,20 27 10 24 9 2 4 5 6 25 14 23 22 18 16 7 8 13 12 1 15 26 11 21 29 19 3 0 17 28 
685,2.02537e+06,20 27 10 24 9 2 4 5 6 25 14 23 22 18 16 7 8 13 12 1 15 26 11 21 29 19 3 0 17 28 
686,2.02537e+06,20 27 10 24 9 2 4 5 6 25 14 23 22 18 16 7 8 13 12 1 15 26 11 21 29 19 3 0 17 28 
687,2.02537e+06,20 27 10 24 9 2 4 5 6 25 14 23 22 18 16 7 8 13 12 1 15 26 11 21 29 19 3 0 17 28 
688,2.02537e+06,20 27 10 24 9 2 4 5 6 25 14 23 22 18 16 7 8 13 12 1 15 26 11 21 29 19 3 0 17 28 
689,2.02537e+06,20 27 10 24 9 2 4 5 6 25 14 23 22 18 16 7 8 13 12 1 15 26 11 21 29 19 3 0 17 28 
690,2.02537e+06,20 27 10 24 9 2 4 5 6 25 14 23 22 18 16 7 8 13 12 1 15 26 11 21 29 19 3 0 17 28 
691,2.02537e+06,20 27 10 24 9 2 4 5 6 25 14 23 22 18 16 7 8 13 12 1 15 26 11 21 29 19 3 0 17 28 
692,2.02537e+06,20 27 10 24 9 2 4 5 6 25 14 23 22 18 16 7 8 13 12 1 15 26 11 21 29 19 3 0 17 28 
693,2.02537e+06,20 27 10 24 9 2 4 5 6 25 14 23 22 18 16 7 8 13 12 1 15 26 11 21 29 19 3 0 17 28 
694,2.02537e+06,20 27 10 24 9 2 4 5 6 25 14 23 22 18 16 7 8 13 12 1 15 26 11 21 29 19 3 0 17 28 
695,2.02537e+06,20 27 10 24 9 2 4 5 6 25 14 23 22 18 16 7 8 13 12 1 15 26 11 21 29 19 3 0 17 28 
696,2.02537e+06,20 27 10 24 9 2 4 5 6 25 14 23 22 18 16 7 8 13 12 1 15 26 11 21 29 19 3 0 17 28 
697,2.02537e+06,20 27 10 24 9 2 4 5 6 25 14 23 22 18 16 7 8 13 12 1 15 26 11 21 29 19 3 0 17 28 
698,2.02537e+06,20 27 10 24 9 2 4 5 6 25 14 23 22 18 16 7 8 13 12 1 15 26 11 21 29 19 3 0 17 28 
699,2.02537e+06,20 27 10 24 9 2 4 5 6 25 14 23 22 18 16 7 8 13 12 1 15 26 11 21 29 19 3 0 17 28 
700,2.02537e+06,20 27 10 24 9 2 4 5 6 25 14 23 22 18 16 7 8 13 12 1 15 26 11 21 29 19 3 0 17 28 
701,2.02537e+06,20 27 10 24 9 2 4 5 6 25 14 23 22 18 16 7 8 13 12 1 15 26 11 21 29 19 3 0 17 28 
702,2.02537e+06,20 27 10 24 9 2 4 5 6 25 14 23 22 18 16 7 8 13 12 1 15 26 11 21 29 19 3 0 17 28 
703,2.02537e+06,20 27 10 24 9 2 4 5 6 25 14 23 22 18 16 7 8 13 12 1 15 26 11 21 29 19 3 0 17 28 
704,2.02537e+06,20 27 10 24 9 2 4 5 6 25 14 23 22 18 16 7 8 13 12 1 15 26 11 21 29 19 3 0 17 28 
705,2.02537e+06,20 27 10 24 9 2 4 5 6 25 14 23 22 18 16 7 8 13 12 1 15 26 11 21 29 19 3 0 17 28 
706,2.02537e+06,20 27 10 24 9 2 4 5 6 25 14 23 22 18 16 7 8 13 12 1 15 26 11 21 29 19 3 0 17 28 
707,2.02537e+06,20 27 10 24 9 2 4 5 6 25 14 23 22 18 16 7 8 13 12 1 15 26 11 21 29 19 3 0 17 28 
708,2.02537e+06,20 27 10 24 9 2 4 5 6 25 14 23 22 18 16 7 8 13 12 1 15 26 11 21 29 19 3 0 17 28 
709,2.02537e+06,20 27 10 24 9 2 4 5 6 25 14 23 22 18 16 7 8 13 12 1 15 26 11 21 29 19 3 0 17 28 
710,2.02537e+06,20 27 10 24 9 2 4 5 6 25 14 23 22 18 16 7 8 13 12 1 15 26 11 21 29 19 3 0 17 28 
711,2.02537e+06,20 27 10 24 9 2 4 5 6 25 14 23 22 18 16 7 8 13 12 1 15 26 11 21 29 19 3 0 17 28 
712,2.02537e+06,20 27 10 24 9 2 4 5 6 25 14 23 22 18 16 7 8 13 12 1 15 26 11 21 29 19 3 0 17 28 
713,2.02537e+06,20 27 10 24 9 2 4 5 6 25 14 23 22 18 16 7 8 13 12 1 15 26 11 21 29 19 3 0 17 28 
714,2.02537e+06,20 27 10 24 9 2 4 5 6 25 14 23 22 18 16 7 8 13 12 1 15 26 11 21 29 19 3 0 17 28 
715,2.02537e+06,20 27 10 24 9 2 4 5 6 25 14 23 22 18 16 7 8 13 12 1 15 26 11 21 29 19 3 0 17 28 
716,2.02537e+06,20 27 10 24 9 2 4 5 6 25 14 23 22 18 16 7 8 13 12 1 15 26 11 21 29 19 3 0 17 28 
717,2.02537e+06,20 27 10 24 9 2 4 5 6 25 14 23 22 18 16 7 8 13 12 1 15 26 11 21 29 19 3 0 17 28 
718,2.02537e+06,20 27 10 24 9 2 4 5 6 25 14 23 22 18 16 7 8 13 12 1 15 26 11 21 29 19 3 0 17 28 
719,2.02537e+06,20 27 10 24 9 2 4 5 6 25 14 23 22 18 16 7 8 13 12 1 15 26 11 21 29 19 3 0 17 28 
720,2.02537e+06,20 27 10 24 9 2 4 5 6 25 14 23 22 18 16 7 8 13 12 1 15 26 11 21 29 19 3 0 17 28 
721,2.02537e+06,20 27 10 24 9 2 4 5 6 25 14 23 22 18 16 7 8 13 12 1 15 26 11 21 29 19 3 0 17 28 
722,2.02537e+06,20 27 10 24 9 2 4 5 6 25 14 23 22 18 16 7 8 13 12 1 15 26 11 21 29 19 3 0 17 28 
723,2.02537e+06,20 27 10 24 9 2 4 5 6 25 14 23 22 18 16 7 8 13 12 1 15 26 11 21 29 19 3 0 17 28 
724,2.02537e+06,20 27 10 24 9 2 4 5 6 25 14 23 22 18 16 7 8 13 12 1 15 26 11 21 29 19 3 0 17 28 
725,2.02537e+06,20 27 10 24 9 2 4 5 6 25 14 23 22 18 16 7 8 13 12 1 15 26 11 21 29 19 3 0 17 28 
726,2.02537e+06,20 27 10 24 9 2 4 5 6 25 14 23 22 18 16 7 8 13 12 1 15 26 11 21 29 19 3 0 17 28 
727,2.02537e+06,20 27 10 24 9 2 4 5 6 25 14 23 22 18 16 7 8 13 12 1 15 26 11 21 29 19 3 0 17 28 
728,2.02537e+06,20 27 10 24 9 2 4 5 6 25 14 23 22 18 16 7 8 13 12 1 15 26 11 21 29 19 3 0 17 28 
729,2.02537e+06,20 27 10 24 9 2 4 5 6 25 14 23 22 18 16 7 8 13 12 1 15 26 11 21 29 19 3 0 17 28 
730,2.02537e+06,20 27 10 24 9 2 4 5 6 25 14 23 22 18 16 7 8 13 12 1 15 26 11 21 29 19 3 0 17 28 
731,2.02537e+06,20 27 10 24 9 2 4 5 6 25 14 23 22 18 16 7 8 13 12 1 15 26 11 21 29 19 3 0 17 28 
732,2.02537e+06,20 27 10 24 9 2 4 5 6 25 14 23 22 18 16 7 8 13 12 1 15 26 11 21 29 19 3 0 17 28 
733,2.02537e+06,20 27 10 24 9 2 4 5 6 25 14 23 22 18 16 7 8 13 12 1 15 26 11 21 29 19 3 0 17 28 
734,2.02537e+06,20 27 10 24 9 2 4 5 6 25 14 23 22 18 16 7 8 13 12 1 15 26 11 21 29 19 3 0 17 28 
735,2.02537e+06,20 27 10 24 9 2 4 5 6 25 14 23 22 18 16 7 8 13 12 1 15 26 11 21 29 19 3 0 17 28 
736,2.02537e+06,20 27 10 24 9 2 4 5 6 25 14 23 22 18 16 7 8 13 12 1 15 26 11 21 29 19 3 0 17 28 
737,2.02537e+06,20 27 10 24 9 2 4 5 6 25 14 23 22 18 16 7 8 13 12 1 15 26 11 21 29 19 3 0 17 28 
738,2.02537e+06,20 27 10 24 9 2 4 5 6 25 14 23 22 18 16 7 8 13 12 1 15 26 11 21 29 19 3 0 17 28 
739,2.02537e+06,20 27 10 24 9 2 4 5 6 25 14 23 22 18 16 7 8 13 12 1 15 26 11 21 29 19 3 0 17 28 
740,2.02537e+06,20 27 10 24 9 2 4 5 6 25 14 23 22 18 16 7 8 13 12 1 15 26 11 21 29 19 3 0 17 28 
741,2.02537e+06,20 27 10 24 9 2 4 5 6 25 14 23 22 18 16 7 8 13 12 1 15 26 11 21 29 19 3 0 17 28 
742,2.02537e+06,20 27 10 24 9 2 4 5 6 25 14 23 22 18 16 7 8 13 12 1 15 26 11 21 29 19 3 0 17 28 
743,2.02537e+06,20 27 10 24 9 2 4 5 6 25 14 23 22 18 16 7 8 13 12 1 15 26 11 21 29 19 3 0 17 28 
744,2.02537e+06,20 27 10 24 9 2 4 5 6 25 14 23 22 18 16 7 8 13 12 1 15 26 11 21 29 19 3 0 17 28 
745,2.02537e+06,20 27 10 24 9 2 4 5 6 25 14 23 22 18 16 7 8 13 12 1 15 26 11 21 29 19 3 0 17 28 
746,2.02537e+06,20 27 10 24 9 2 4 5 6 25 14 23 22 18 16 7 8 13 12 1 15 26 11 21 29 19 3 0 17 28 
747,2.02537e+06,20 27 10 24 9 2 4 5 6 25 14 23 22 18 16 7 8 13 12 1 15 26 11 21 29 19 3 0 17 28 
748,2.02537e+06,20 27 10 24 9 2 4 5 6 25 14 23 22 18 16 7 8 13 12 1 15 26 11 21 29 19 3 0 17 28 
749,2.02537e+06,20 27 10 24 9 2 4 5 6 25 14 23 22 18 16 7 8 13 12 1 15 26 11 21 29 19 3 0 17 28 
750,2.02537e+06,20 27 10 24 9 2 4 5 6 25 14 23 22 18 16 7 8 13 12 1 15 26 11 21 29 19 3 0 17 28 
751,2.02537e+06,20 27 10 24 9 2 4 5 6 25 14 23 22 18 16 7 8 13 12 1 15 26 11 21 29 19 3 0 17 28 
752,2.02537e+06,20 27 10 24 9 2 4 5 6 25 14 23 22 18 16 7 8 13 12 1 15 26 11 21 29 19 3 0 17 28 
753,2.02537e+06,20 27 10 24 9 2 4 5 6 25 14 23 22 18 16 7 8 13 12 1 15 26 11 21 29 19 3 0 17 28 
754,2.02537e+06,20 27 10 24 9 2 4 5 6 25 14 23 22 18 16 7 8 13 12 1 15 26 11 21 29 19 3 0 17 28 
755,2.02537e+06,20 27 10 24 9 2 4 5 6 25 14 23 22 18 16 7 8 13 12 1 15 26 11 21 29 19 3 0 17 28 
756,2.02537e+06,20 27 10 24 9 2 4 5 6 25 14 23 22 18 16 7 8 13 12 1 15 26 11 21 29 19 3 0 17 28 
757,2.02537e+06,20 27 10 24 9 2 4 5 6 25 14 23 22 18 16 7 8 13 12 1 15 26 11 21 29 19 3 0 17 28 
758,2.02537e+06,20 27 10 24 9 2 4 5 6 25 14 23 22 18 16 7 8 13 12 1 15 26 11 21 29 19 3 0 17 28 
759,2.02537e+06,20 27 10 24 9 2 4 5 6 25 14 23 22 18 16 7 8 13 12 1 15 26 11 21 29 19 3 0 17 28 
760,2.02537e+06,20 27 10 24 9 2 4 5 6 25 14 23 22 18 16 7 8 13 12 1 15 26 11 21 29 19 3 0 17 28 
761,2.02537e+06,20 27 10 24 9 2 4 5 6 25 14 23 22 18 16 7 8 13 12 1 15 26 11 21 29 19 3 0 17 28 
762,2.02537e+06,20 27 10 24 9 2 4 5 6 25 14 23 22 18 16 7 8 13 12 1 15 26 11 21 29 19 3 0 17 28 
763,2.02537e+06,20 27 10 24 9 2 4 5 6 25 14 23 22 18 16 7 8 13 12 1 15 26 11 21 29 19 3 0 17 28 
764,2.02537e+06,20 27 10 24 9 2 4 5 6 25 14 23 22 18 16 7 8 13 12 1 15 26 11 21 29 19 3 0 17 28 
765,2.02537e+06,20 27 10 24 9 2 4 5 6 25 14 23 22 18 16 7 8 13 12 1 15 26 11 21 29 19 3 0 17 28 
766,2.02537e+06,20 27 10 24 9 2 4 5 6 25 14 23 22 18 16 7 8 13 12 1 15 26 11 21 29 19 3 0 17 28 
767,2.02537e+06,20 27 10 24 9 2 4 5 6 25 14 23 22 18 16 7 8 13 12 1 15 26 11 21 29 19 3 0 17 28 
768,2.02537e+06,20 27 10 24 9 2 4 5 6 25 14 23 22 18 16 7 8 13 12 1 15 26 11 21 29 19 3 0 17 28 
769,2.02537e+06,20 27 10 24 9 2 4 5 6 25 14 23 22 18 16 7 8 13 12 1 15 26 11 21 29 19 3 0 17 28 
770,2.02537e+06,20 27 10 24 9 2 4 5 6 25 14 23 22 18 16 7 8 13 12 1 15 26 11 21 29 19 3 0 17 28 
771,2.02537e+06,20 27 10 24 9 2 4 5 6 25 14 23 22 18 16 7 8 13 12 1 15 26 11 21 29 19 3 0 17 28 
772,2.02537e+06,20 27 10 24 9 2 4 5 6 25 14 23 22 18 16 7 8 13 12 1 15 26 11 21 29 19 3 0 17 28 
773,2.02537e+06,20 27 10 24 9 2 4 5 6 25 14 23 22 18 16 7 8 13 12 1 15 26 11 21 29 19 3 0 17 28 
774,2.02537e+06,20 27 10 24 9 2 4 5 6 25 14 23 22 18 16 7 8 13 12 1 15 26 11 21 29 19 3 0 17 28 
775,2.02537e+06,20 27 10 24 9 2 4 5 6 25 14 23 22 18 16 7 8 13 12 1 15 26 11 21 29 19 3 0 17 28 
776,2.02537e+06,20 27 10 24 9 2 4 5 6 25 14 23 22 18 16 7 8 13 12 1 15 26 11 21 29 19 3 0 17 28 
777,2.02537e+06,20 27 10 24 9 2 4 5 6 25 14 23 22 18 16 7 8 13 12 1 15 26 11 21 29 19 3 0 17 28 
778,2.02537e+06,20 27 10 24 9 2 4 5 6 25 14 23 22 18 16 7 8 13 12 1 15 26 11 21 29 19 3 0 17 28 
779,2.02537e+06,20 27 10 24 9 2 4 5 6 25 14 23 22 18 16 7 8 13 12 1 15 26 11 21 29 19 3 0 17 28 
780,2.02537e+06,20 27 10 24 9 2 4 5 6 25 14 23 22 18 16 7 8 13 12 1 15 26 11 21 29 19 3 0 17 28 
781,2.02537e+06,20 27 10 24 9 2 4 5 6 25 14 23 22 18 16 7 8 13 12 1 15 26 11 21 29 19 3 0 17 28 
782,2.02537e+06,20 27 10 24 9 2 4 5 6 25 14 23 22 18 16 7 8 13 12 1 15 26 11 21 29 19 3 0 17 28 
783,2.02537e+06,20 27 10 24 9 2 4 5 6 25 14 23 22 18 16 7 8 13 12 1 15 26 11 21 29 19 3 0 17 28 
784,2.02537e+06,20 27 10 24 9 2 4 5 6 25 14 23 22 18 16 7 8 13 12 1 15 26 11 21 29 19 3 0 17 28 
785,2.02537e+06,20 27 10 24 9 2 4 5 6 25 14 23 22 18 16 7 8 13 12 1 15 26 11 21 29 19 3 0 17 28 
786,2.02537e+06,20 27 10 24 9 2 4 5 6 25 14 23 22 18 16 7 8 13 12 1 15 26 11 21 29 19 3 0 17 28 
787,2.02537e+06,20 27 10 24 9 2 4 5 6 25 14 23 22 18 16 7 8 13 12 1 15 26 11 21 29 19 3 0 17 28 
788,2.02537e+06,20 27 10 24 9 2 4 5 6 25 14 23 22 18 16 7 8 13 12 1 15 26 11 21 29 19 3 0 17 28 
789,2.02537e+06,20 27 10 24 9 2 4 5 6 25 14 23 22 18 16 7 8 13 12 1 15 26 11 21 29 19 3 0 17 28 
790,2.02537e+06,20 27 10 24 9 2 4 5 6 25 14 23 22 18 16 7 8 13 12 1 15 26 11 21 29 19 3 0 17 28 
791,2.02537e+06,20 27 10 24 9 2 4 5 6 25 14 23 22 18 16 7 8 13 12 1 15 26 11 21 29 19 3 0 17 28 
792,2.02537e+06,20 27 10 24 9 2 4 5 6 25 14 23 22 18 16 7 8 13 12 1 15 26 11 21 29 19 3 0 17 28 
793,2.02537e+06,20 27 10 24 9 2 4 5 6 25 14 23 22 18 16 7 8 13 12 1 15 26 11 21 29 19 3 0 17 28 
794,2.02537e+06,20 27 10 24 9 2 4 5 6 25 14 23 22 18 16 7 8 13 12 1 15 26 11 21 29 19 3 0 17 28 
795,2.02537e+06,20 27 10 24 9 2 4 5 6 25 14 23 22 18 16 7 8 13 12 1 15 26 11 21 29 19 3 0 17 28 
796,2.02537e+06,20 27 10 24 9 2 4 5 6 25 14 23 22 18 16 7 8 13 12 1 15 26 11 21 29 19 3 0 17 28 
797,2.02537e+06,20 27 10 24 9 2 4 5 6 25 14 23 22 18 16 7 8 13 12 1 15 26 11 21 29 19 3 0 17 28 
798,2.02537e+06,20 27 10 24 9 2 4 5 6 25 14 23 22 18 16 7 8 13 12 1 15 26 11 21 29 19 3 0 17 28 
799,2.02537e+06,20 27 10 24 9 2 4 5 6 25 14 23 22 18 16 7 8 13 12 1 15 26 11 21 29 19 3 0 17 28 
800,2.02537e+06,20 27 10 24 9 2 4 5 6 25 14 23 22 18 16 7 8 13 12 1 15 26 11 21 29 19 3 0 17 28 
801,2.02537e+06,20 27 10 24 9 2 4 5 6 25 14 23 22 18 16 7 8 13 12 1 15 26 11 21 29 19 3 0 17 28 
802,2.02537e+06,20 27 10 24 9 2 4 5 6 25 14 23 22 18 16 7 8 13 12 1 15 26 11 21 29 19 3 0 17 28 
803,2.02537e+06,20 27 10 24 9 2 4 5 6 25 14 23 22 18 16 7 8 13 12 1 15 26 11 21 29 19 3 0 17 28 
804,2.02537e+06,20 27 10 24 9 2 4 5 6 25 14 23 22 18 16 7 8 13 12 1 15 26 11 21 29 19 3 0 17 28 
805,2.02537e+06,20 27 10 24 9 2 4 5 6 25 14 23 22 18 16 7 8 13 12 1 15 26 11 21 29 19 3 0 17 28 
806,2.02537e+06,20 27 10 24 9 2 4 5 6 25 14 23 22 18 16 7 8 13 12 1 15 26 11 21 29 19 3 0 17 28 
807,2.02537e+06,20 27 10 24 9 2 4 5 6 25 14 23 22 18 16 7 8 13 12 1 15 26 11 21 29 19 3 0 17 28 
808,2.02537e+06,20 27 10 24 9 2 4 5 6 25 14 23 22 18 16 7 8 13 12 1 15 26 11 21 29 19 3 0 17 28 
809,2.02537e+06,20 27 10 24 9 2 4 5 6 25 14 23 22 18 16 7 8 13 12 1 15 26 11 21 29 19 3 0 17 28 
810,2.02537e+06,20 27 10 24 9 2 4 5 6 25 14 23 22 18 16 7 8 13 12 1 15 26 11 21 29 19 3 0 17 28 
811,2.02537e+06,20 27 10 24 9 2 4 5 6 25 14 23 22 18 16 7 8 13 12 1 15 26 11 21 29 19 3 0 17 28 
812,2.02537e+06,20 27 10 24 9 2 4 5 6 25 14 23 22 18 16 7 8 13 12 1 15 26 11 21 29 19 3 0 17 28 
813,2.02537e+06,20 27 10 24 9 2 4 5 6 25 14 23 22 18 16 7 8 13 12 1 15 26 11 21 29 19 3 0 17 28 
814,2.02537e+06,20 27 10 24 9 2 4 5 6 25 14 23 22 18 16 7 8 13 12 1 15 26 11 21 29 19 3 0 17 28 
815,2.02537e+06,20 27 10 24 9 2 4 5 6 25 14 23 22 18 16 7 8 13 12 1 15 26 11 21 29 19 3 0 17 28 
816,2.02537e+06,20 27 10 24 9 2 4 5 6 25 14 23 22 18 16 7 8 13 12 1 15 26 11 21 29 19 3 0 17 28 
817,2.02537e+06,20 27 10 24 9 2 4 5 6 25 14 23 22 18 16 7 8 13 12 1 15 26 11 21 29 19 3 0 17 28 
818,2.02537e+06,20 27 10 24 9 2 4 5 6 25 14 23 22 18 16 7 8 13 12 1 15 26 11 21 29 19 3 0 17 28 
819,2.02537e+06,20 27 10 24 9 2 4 5 6 25 14 23 22 18 16 7 8 13 12 1 15 26 11 21 29 19 3 0 17 28 
820,2.02537e+06,20 27 10 24 9 2 4 5 6 25 14 23 22 18 16 7 8 13 12 1 15 26 11 21 29 19 3 0 17 28 
821,2.02537e+06,20 27 10 24 9 2 4 5 6 25 14 23 22 18 16 7 8 13 12 1 15 26 11 21 29 19 3 0 17 28 
822,2.02537e+06,20 27 10 24 9 2 4 5 6 25 14 23 22 18 16 7 8 13 12 1 15 26 11 21 29 19 3 0 17 28 
823,2.02537e+06,20 27 10 24 9 2 4 5 6 25 14 23 22 18 16 7 8 13 12 1 15 26 11 21 29 19 3 0 17 28 
824,2.02537e+06,20 27 10 24 9 2 4 5 6 25 14 23 22 18 16 7 8 13 12 1 15 26 11 21 29 19 3 0 17 28 
825,2.02537e+06,20 27 10 24 9 2 4 5 6 25 14 23 22 18 16 7 8 13 12 1 15 26 11 21 29 19 3 0 17 28 
826,2.02537e+06,20 27 10 24 9 2 4 5 6 25 14 23 22 18 16 7 8 13 12 1 15 26 11 21 29 19 3 0 17 28 
827,2.02537e+06,20 27 10 24 9 2 4 5 6 25 14 23 22 18 16 7 8 13 12 1 15 26 11 21 29 19 3 0 17 28 
828,2.02537e+06,20 27 10 24 9 2 4 5 6 25 14 23 22 18 16 7 8 13 12 1 15 26 11 21 29 19 3 0 17 28 
829,2.02537e+06,20 27 10 24 9 2 4 5 6 25 14 23 22 18 16 7 8 13 12 1 15 26 11 21 29 19 3 0 17 28 
830,2.02537e+06,20 27 10 24 9 2 4 5 6 25 14 23 22 18 16 7 8 13 12 1 15 26 11 21 29 19 3 0 17 28 
831,2.02537e+06,20 27 10 24 9 2 4 5 6 25 14 23 22 18 16 7 8 13 12 1 15 26 11 21 29 19 3 0 17 28 
832,2.02537e+06,20 27 10 24 9 2 4 5 6 25 14 23 22 18 16 7 8 13 12 1 15 26 11 21 29 19 3 0 17 28 
833,2.02537e+06,20 27 10 24 9 2 4 5 6 25 14 23 22 18 16 7 8 13 12 1 15 26 11 21 29 19 3 0 17 28 
834,2.02537e+06,20 27 10 24 9 2 4 5 6 25 14 23 22 18 16 7 8 13 12 1 15 26 11 21 29 19 3 0 17 28 
835,2.02537e+06,20 27 10 24 9 2 4 5 6 25 14 23 22 18 16 7 8 13 12 1 15 26 11 21 29 19 3 0 17 28 
836,2.02537e+06,20 27 10 24 9 2 4 5 6 25 14 23 22 18 16 7 8 13 12 1 15 26 11 21 29 19 3 0 17 28 
837,2.02537e+06,20 27 10 24 9 2 4 5 6 25 14 23 22 18 16 7 8 13 12 1 15 26 11 21 29 19 3 0 17 28 
838,2.02537e+06,20 27 10 24 9 2 4 5 6 25 14 23 22 18 16 7 8 13 12 1 15 26 11 21 29 19 3 0 17 28 
839,2.02537e+06,20 27 10 24 9 2 4 5 6 25 14 23 22 18 16 7 8 13 12 1 15 26 11 21 29 19 3 0 17 28 
840,2.02537e+06,20 27 10 24 9 2 4 5 6 25 14 23 22 18 16 7 8 13 12 1 15 26 11 21 29 19 3 0 17 28 
841,2.02537e+06,20 27 10 24 9 2 4 5 6 25 14 23 22 18 16 7 8 13 12 1 15 26 11 21 29 19 3 0 17 28 
842,2.02537e+06,20 27 10 24 9 2 4 5 6 25 14 23 22 18 16 7 8 13 12 1 15 26 11 21 29 19 3 0 17 28 
843,2.02537e+06,20 27 10 24 9 2 4 5 6 25 14 23 22 18 16 7 8 13 12 1 15 26 11 21 29 19 3 0 17 28 
844,2.02537e+06,20 27 10 24 9 2 4 5 6 25 14 23 22 18 16 7 8 13 12 1 15 26 11 21 29 19 3 0 17 28 
845,2.02537e+06,20 27 10 24 9 2 4 5 6 25 14 23 22 18 16 7 8 13 12 1 15 26 11 21 29 19 3 0 17 28 
846,2.02537e+06,20 27 10 24 9 2 4 5 6 25 14 23 22 18 16 7 8 13 12 1 15 26 11 21 29 19 3 0 17 28 
847,2.02537e+06,20 27 10 24 9 2 4 5 6 25 14 23 22 18 16 7 8 13 12 1 15 26 11 21 29 19 3 0 17 28 
848,2.02537e+06,20 27 10 24 9 2 4 5 6 25 14 23 22 18 16 7 8 13 12 1 15 26 11 21 29 19 3 0 17 28 
849,2.02537e+06,20 27 10 24 9 2 4 5 6 25 14 23 22 18 16 7 8 13 12 1 15 26 11 21 29 19 3 0 17 28 
850,2.02537e+06,20 27 10 24 9 2 4 5 6 25 14 23 22 18 16 7 8 13 12 1 15 26 11 21 29 19 3 0 17 28 
851,2.02537e+06,20 27 10 24 9 2 4 5 6 25 14 23 22 18 16 7 8 13 12 1 15 26 11 21 29 19 3 0 17 28 
852,2.02537e+06,20 27 10 24 9 2 4 5 6 25 14 23 22 18 16 7 8 13 12 1 15 26 11 21 29 19 3 0 17 28 
853,2.02537e+06,20 27 10 24 9 2 4 5 6 25 14 23 22 18 16 7 8 13 12 1 15 26 11 21 29 19 3 0 17 28 
854,2.02537e+06,20 27 10 24 9 2 4 5 6 25 14 23 22 18 16 7 8 13 12 1 15 26 11 21 29 19 3 0 17 28 
855,2.02537e+06,20 27 10 24 9 2 4 5 6 25 14 23 22 18 16 7 8 13 12 1 15 26 11 21 29 19 3 0 17 28 
856,2.02537e+06,20 27 10 24 9 2 4 5 6 25 14 23 22 18 16 7 8 13 12 1 15 26 11 21 29 19 3 0 17 28 
857,2.02537e+06,20 27 10 24 9 2 4 5 6 25 14 23 22 18 16 7 8 13 12 1 15 26 11 21 29 19 3 0 17 28 
858,2.02537e+06,20 27 10 24 9 2 4 5 6 25 14 23 22 18 16 7 8 13 12 1 15 26 11 21 29 19 3 0 17 28 
859,2.02537e+06,20 27 10 24 9 2 4 5 6 25 14 23 22 18 16 7 8 13 12 1 15 26 11 21 29 19 3 0 17 28 
860,2.02537e+06,20 27 10 24 9 2 4 5 6 25 14 23 22 18 16 7 8 13 12 1 15 26 11 21 29 19 3 0 17 28 
861,2.02537e+06,20 27 10 24 9 2 4 5 6 25 14 23 22 18 16 7 8 13 12 1 15 26 11 21 29 19 3 0 17 28 
862,2.02537e+06,20 27 10 24 9 2 4 5 6 25 14 23 22 18 16 7 8 13 12 1 15 26 11 21 29 19 3 0 17 28 
863,2.02537e+06,20 27 10 24 9 2 4 5 6 25 14 23 22 18 16 7 8 13 12 1 15 26 11 21 29 19 3 0 17 28 
864,2.02537e+06,20 27 10 24 9 2 4 5 6 25 14 23 22 18 16 7 8 13 12 1 15 26 11 21 29 19 3 0 17 28 
865,2.02537e+06,20 27 10 24 9 2 4 5 6 25 14 23 22 18 16 7 8 13 12 1 15 26 11 21 29 19 3 0 17 28 
866,2.02537e+06,20 27 10 24 9 2 4 5 6 25 14 23 22 18 16 7 8 13 12 1 15 26 11 21 29 19 3 0 17 28 
867,2.02537e+06,20 27 10 24 9 2 4 5 6 25 14 23 22 18 16 7 8 13 12 1 15 26 11 21 29 19 3 0 17 28 
868,2.02537e+06,20 27 10 24 9 2 4 5 6 25 14 23 22 18 16 7 8 13 12 1 15 26 11 21 29 19 3 0 17 28 
869,2.02537e+06,20 27 10 24 9 2 4 5 6 25 14 23 22 18 16 7 8 13 12 1 15 26 11 21 29 19 3 0 17 28 
870,2.02537e+06,20 27 10 24 9 2 4 5 6 25 14 23 22 18 16 7 8 13 12 1 15 26 11 21 29 19 3 0 17 28 
871,2.02537e+06,20 27 10 24 9 2 4 5 6 25 14 23 22 18 16 7 8 13 12 1 15 26 11 21 29 19 3 0 17 28 
872,2.02537e+06,20 27 10 24 9 2 4 5 6 25 14 23 22 18 16 7 8 13 12 1 15 26 11 21 29 19 3 0 17 28 
873,2.02537e+06,20 27 10 24 9 2 4 5 6 25 14 23 22 18 16 7 8 13 12 1 15 26 11 21 29 19 3 0 17 28 
874,2.02537e+06,20 27 10 24 9 2 4 5 6 25 14 23 22 18 16 7 8 13 12 1 15 26 11 21 29 19 3 0 17 28 
875,2.02537e+06,20 27 10 24 9 2 4 5 6 25 14 23 22 18 16 7 8 13 12 1 15 26 11 21 29 19 3 0 17 28 
876,2.02537e+06,20 27 10 24 9 2 4 5 6 25 14 23 22 18 16 7 8 13 12 1 15 26 11 21 29 19 3 0 17 28 
877,2.02537e+06,20 27 10 24 9 2 4 5 6 25 14 23 22 18 16 7 8 13 12 1 15 26 11 21 29 19 3 0 17 28 
878,2.02537e+06,20 27 10 24 9 2 4 5 6 25 14 23 22 18 16 7 8 13 12 1 15 26 11 21 29 19 3 0 17 28 
879,2.02537e+06,20 27 10 24 9 2 4 5 6 25 14 23 22 18 16 7 8 13 12 1 15 26 11 21 29 19 3 0 17 28 
880,2.02537e+06,20 27 10 24 9 2 4 5 6 25 14 23 22 18 16 7 8 13 12 1 15 26 11 21 29 19 3 0 17 28 
881,2.02537e+06,20 27 10 24 9 2 4 5 6 25 14 23 22 18 16 7 8 13 12 1 15 26 11 21 29 19 3 0 17 28 
882,2.02537e+06,20 27 10 24 9 2 4 5 6 25 14 23 22 18 16 7 8 13 12 1 15 26 11 21 29 19 3 0 17 28 
883,2.02537e+06,20 27 10 24 9 2 4 5 6 25 14 23 22 18 16 7 8 13 12 1 15 26 11 21 29 19 3 0 17 28 
884,2.02537e+06,20 27 10 24 9 2 4 5 6 25 14 23 22 18 16 7 8 13 12 1 15 26 11 21 29 19 3 0 17 28 
885,2.02537e+06,20 27 10 24 9 2 4 5 6 25 14 23 22 18 16 7 8 13 12 1 15 26 11 21 29 19 3 0 17 28 
886,2.02537e+06,20 27 10 24 9 2 4 5 6 25 14 23 22 18 16 7 8 13 12 1 15 26 11 21 29 19 3 0 17 28 
887,2.02537e+06,20 27 10 24 9 2 4 5 6 25 14 23 22 18 16 7 8 13 12 1 15 26 11 21 29 19 3 0 17 28 
888,2.02537e+06,20 27 10 24 9 2 4 5 6 25 14 23 22 18 16 7 8 13 12 1 15 26 11 21 29 19 3 0 17 28 
889,2.02537e+06,20 27 10 24 9 2 4 5 6 25 14 23 22 18 16 7 8 13 12 1 15 26 11 21 29 19 3 0 17 28 
890,2.02537e+06,20 27 10 24 9 2 4 5 6 25 14 23 22 18 16 7 8 13 12 1 15 26 11 21 29 19 3 0 17 28 
891,2.02537e+06,20 27 10 24 9 2 4 5 6 25 14 23 22 18 16 7 8 13 12 1 15 26 11 21 29 19 3 0 17 28 
892,2.02537e+06,20 27 10 24 9 2 4 5 6 25 14 23 22 18 16 7 8 13 12 1 15 26 11 21 29 19 3 0 17 28 
893,2.02537e+06,20 27 10 24 9 2 4 5 6 25 14 23 22 18 16 7 8 13 12 1 15 26 11 21 29 19 3 0 17 28 
894,2.02537e+06,20 27 10 24 9 2 4 5 6 25 14 23 22 18 16 7 8 13 12 1 15 26 11 21 29 19 3 0 17 28 
895,2.02537e+06,20 27 10 24 9 2 4 5 6 25 14 23 22 18 16 7 8 13 12 1 15 26 11 21 29 19 3 0 17 28 
896,2.02537e+06,20 27 10 24 9 2 4 5 6 25 14 23 22 18 16 7 8 13 12 1 15 26 11 21 29 19 3 0 17 28 
897,2.02537e+06,20 27 10 24 9 2 4 5 6 25 14 23 22 18 16 7 8 13 12 1 15 26 11 21 29 19 3 0 17 28 
898,2.02537e+06,20 27 10 24 9 2 4 5 6 25 14 23 22 18 16 7 8 13 12 1 15 26 11 21 29 19 3 0 17 28 
899,2.02537e+06,20 27 10 24 9 2 4 5 6 25 14 23 22 18 16 7 8 13 12 1 15 26 11 21 29 19 3 0 17 28 
900,2.02537e+06,20 27 10 24 9 2 4 5 6 25 14 23 22 18 16 7 8 13 12 1 15 26 11 21 29 19 3 0 17 28 
901,2.02537e+06,20 27 10 24 9 2 4 5 6 25 14 23 22 18 16 7 8 13 12 1 15 26 11 21 29 19 3 0 17 28 
902,2.02537e+06,20 27 10 24 9 2 4 5 6 25 14 23 22 18 16 7 8 13 12 1 15 26 11 21 29 19 3 0 17 28 
903,2.02537e+06,20 27 10 24 9 2 4 5 6 25 14 23 22 18 16 7 8 13 12 1 15 26 11 21 29 19 3 0 17 28 
904,2.02537e+06,20 27 10 24 9 2 4 5 6 25 14 23 22 18 16 7 8 13 12 1 15 26 11 21 29 19 3 0 17 28 
905,2.02537e+06,20 27 10 24 9 2 4 5 6 25 14 23 22 18 16 7 8 13 12 1 15 26 11 21 29 19 3 0 17 28 
906,2.02537e+06,20 27 10 24 9 2 4 5 6 25 14 23 22 18 16 7 8 13 12 1 15 26 11 21 29 19 3 0 17 28 
907,2.02537e+06,20 27 10 24 9 2 4 5 6 25 14 23 22 18 16 7 8 13 12 1 15 26 11 21 29 19 3 0 17 28 
908,2.02537e+06,20 27 10 24 9 2 4 5 6 25 14 23 22 18 16 7 8 13 12 1 15 26 11 21 29 19 3 0 17 28 
909,2.02537e+06,20 27 10 24 9 2 4 5 6 25 14 23 22 18 16 7 8 13 12 1 15 26 11 21 29 19 3 0 17 28 
910,2.02537e+06,20 27 10 24 9 2 4 5 6 25 14 23 22 18 16 7 8 13 12 1 15 26 11 21 29 19 3 0 17 28 
911,2.02537e+06,20 27 10 24 9 2 4 5 6 25 14 23 22 18 16 7 8 13 12 1 15 26 11 21 29 19 3 0 17 28 
912,2.02537e+06,20 27 10 24 9 2 4 5 6 25 14 23 22 18 16 7 8 13 12 1 15 26 11 21 29 19 3 0 17 28 
913,2.02537e+06,20 27 10 24 9 2 4 5 6 25 14 23 22 18 16 7 8 13 12 1 15 26 11 21 29 19 3 0 17 28 
914,2.02537e+06,20 27 10 24 9 2 4 5 6 25 14 23 22 18 16 7 8 13 12 1 15 26 11 21 29 19 3 0 17 28 
915,2.02537e+06,20 27 10 24 9 2 4 5 6 25 14 23 22 18 16 7 8 13 12 1 15 26 11 21 29 19 3 0 17 28 
916,2.02537e+06,20 27 10 24 9 2 4 5 6 25 14 23 22 18 16 7 8 13 12 1 15 26 11 21 29 19 3 0 17 28 
917,2.02537e+06,20 27 10 24 9 2 4 5 6 25 14 23 22 18 16 7 8 13 12 1 15 26 11 21 29 19 3 0 17 28 
918,2.02537e+06,20 27 10 24 9 2 4 5 6 25 14 23 22 18 16 7 8 13 12 1 15 26 11 21 29 19 3 0 17 28 
919,2.02537e+06,20 27 10 24 9 2 4 5 6 25 14 23 22 18 16 7 8 13 12 1 15 26 11 21 29 19 3 0 17 28 
920,2.02537e+06,20 27 10 24 9 2 4 5 6 25 14 23 22 18 16 7 8 13 12 1 15 26 11 21 29 19 3 0 17 28 
921,2.02537e+06,20 27 10 24 9 2 4 5 6 25 14 23 22 18 16 7 8 13 12 1 15 26 11 21 29 19 3 0 17 28 
922,2.02537e+06,20 27 10 24 9 2 4 5 6 25 14 23 22 18 16 7 8 13 12 1 15 26 11 21 29 19 3 0 17 28 
923,2.02537e+06,20 27 10 24 9 2 4 5 6 25 14 23 22 18 16 7 8 13 12 1 15 26 11 21 29 19 3 0 17 28 
924,2.02537e+06,20 27 10 24 9 2 4 5 6 25 14 23 22 18 16 7 8 13 12 1 15 26 11 21 29 19 3 0 17 28 
925,2.02537e+06,20 27 10 24 9 2 4 5 6 25 14 23 22 18 16 7 8 13 12 1 15 26 11 21 29 19 3 0 17 28 
926,2.02537e+06,20 27 10 24 9 2 4 5 6 25 14 23 22 18 16 7 8 13 12 1 15 26 11 21 29 19 3 0 17 28 
927,2.02537e+06,20 27 10 24 9 2 4 5 6 25 14 23 22 18 16 7 8 13 12 1 15 26 11 21 29 19 3 0 17 28 
928,2.02537e+06,20 27 10 24 9 2 4 5 6 25 14 23 22 18 16 7 8 13 12 1 15 26 11 21 29 19 3 0 17 28 
929,2.02537e+06,20 27 10 24 9 2 4 5 6 25 14 23 22 18 16 7 8 13 12 1 15 26 11 21 29 19 3 0 17 28 
930,2.02537e+06,20 27 10 24 9 2 4 5 6 25 14 23 22 18 16 7 8 13 12 1 15 26 11 21 29 19 3 0 17 28 
931,2.02537e+06,20 27 10 24 9 2 4 5 6 25 14 23 22 18 16 7 8 13 12 1 15 26 11 21 29 19 3 0 17 28 
932,2.02537e+06,20 27 10 24 9 2 4 5 6 25 14 23 22 18 16 7 8 13 12 1 15 26 11 21 29 19 3 0 17 28 
933,2.02537e+06,20 27 10 24 9 2 4 5 6 25 14 23 22 18 16 7 8 13 12 1 15 26 11 21 29 19 3 0 17 28 
934,2.02537e+06,20 27 10 24 9 2 4 5 6 25 14 23 22 18 16 7 8 13 12 1 15 26 11 21 29 19 3 0 17 28 
935,2.02537e+06,20 27 10 24 9 2 4 5 6 25 14 23 22 18 16 7 8 13 12 1 15 26 11 21 29 19 3 0 17 28 
936,2.02537e+06,20 27 10 24 9 2 4 5 6 25 14 23 22 18 16 7 8 13 12 1 15 26 11 21 29 19 3 0 17 28 
937,2.02537e+06,20 27 10 24 9 2 4 5 6 25 14 23 22 18 16 7 8 13 12 1 15 26 11 21 29 19 3 0 17 28 
938,2.02537e+06,20 27 10 24 9 2 4 5 6 25 14 23 22 18 16 7 8 13 12 1 15 26 11 21 29 19 3 0 17 28 
939,2.02537e+06,20 27 10 24 9 2 4 5 6 25 14 23 22 18 16 7 8 13 12 1 15 26 11 21 29 19 3 0 17 28 
940,2.02537e+06,20 27 10 24 9 2 4 5 6 25 14 23 22 18 16 7 8 13 12 1 15 26 11 21 29 19 3 0 17 28 
941,2.02537e+06,20 27 10 24 9 2 4 5 6 25 14 23 22 18 16 7 8 13 12 1 15 26 11 21 29 19 3 0 17 28 
942,2.02537e+06,20 27 10 24 9 2 4 5 6 25 14 23 22 18 16 7 8 13 12 1 15 26 11 21 29 19 3 0 17 28 
943,2.02537e+06,20 27 10 24 9 2 4 5 6 25 14 23 22 18 16 7 8 13 12 1 15 26 11 21 29 19 3 0 17 28 
944,2.02537e+06,20 27 10 24 9 2 4 5 6 25 14 23 22 18 16 7 8 13 12 1 15 26 11 21 29 19 3 0 17 28 
945,2.02537e+06,20 27 10 24 9 2 4 5 6 25 14 23 22 18 16 7 8 13 12 1 15 26 11 21 29 19 3 0 17 28 
946,2.02537e+06,20 27 10 24 9 2 4 5 6 25 14 23 22 18 16 7 8 13 12 1 15 26 11 21 29 19 3 0 17 28 
947,2.02537e+06,20 27 10 24 9 2 4 5 6 25 14 23 22 18 16 7 8 13 12 1 15 26 11 21 29 19 3 0 17 28 
948,2.02537e+06,20 27 10 24 9 2 4 5 6 25 14 23 22 18 16 7 8 13 12 1 15 26 11 21 29 19 3 0 17 28 
949,2.02537e+06,20 27 10 24 9 2 4 5 6 25 14 23 22 18 16 7 8 13 12 1 15 26 11 21 29 19 3 0 17 28 
950,2.02537e+06,20 27 10 24 9 2 4 5 6 25 14 23 22 18 16 7 8 13 12 1 15 26 11 21 29 19 3 0 17 28 
951,2.02537e+06,20 27 10 24 9 2 4 5 6 25 14 23 22 18 16 7 8 13 12 1 15 26 11 21 29 19 3 0 17 28 
952,2.02537e+06,20 27 10 24 9 2 4 5 6 25 14 23 22 18 16 7 8 13 12 1 15 26 11 21 29 19 3 0 17 28 
953,2.02537e+06,20 27 10 24 9 2 4 5 6 25 14 23 22 18 16 7 8 13 12 1 15 26 11 21 29 19 3 0 17 28 
954,2.02537e+06,20 27 10 24 9 2 4 5 6 25 14 23 22 18 16 7 8 13 12 1 15 26 11 21 29 19 3 0 17 28 
955,2.02537e+06,20 27 10 24 9 2 4 5 6 25 14 23 22 18 16 7 8 13 12 1 15 26 11 21 29 19 3 0 17 28 
956,2.02537e+06,20 27 10 24 9 2 4 5 6 25 14 23 22 18 16 7 8 13 12 1 15 26 11 21 29 19 3 0 17 28 
957,2.02537e+06,20 27 10 24 9 2 4 5 6 25 14 23 22 18 16 7 8 13 12 1 15 26 11 21 29 19 3 0 17 28 
958,2.02537e+06,20 27 10 24 9 2 4 5 6 25 14 23 22 18 16 7 8 13 12 1 15 26 11 21 29 19 3 0 17 28 
959,2.02537e+06,20 27 10 24 9 2 4 5 6 25 14 23 22 18 16 7 8 13 12 1 15 26 11 21 29 19 3 0 17 28 
960,2.02537e+06,20 27 10 24 9 2 4 5 6 25 14 23 22 18 16 7 8 13 12 1 15 26 11 21 29 19 3 0 17 28 
961,2.02537e+06,20 27 10 24 9 2 4 5 6 25 14 23 22 18 16 7 8 13 12 1 15 26 11 21 29 19 3 0 17 28 
962,2.02537e+06,20 27 10 24 9 2 4 5 6 25 14 23 22 18 16 7 8 13 12 1 15 26 11 21 29 19 3 0 17 28 
963,2.02537e+06,20 27 10 24 9 2 4 5 6 25 14 23 22 18 16 7 8 13 12 1 15 26 11 21 29 19 3 0 17 28 
964,2.02537e+06,20 27 10 24 9 2 4 5 6 25 14 23 22 18 16 7 8 13 12 1 15 26 11 21 29 19 3 0 17 28 
965,2.02537e+06,20 27 10 24 9 2 4 5 6 25 14 23 22 18 16 7 8 13 12 1 15 26 11 21 29 19 3 0 17 28 
966,2.02537e+06,20 27 10 24 9 2 4 5 6 25 14 23 22 18 16 7 8 13 12 1 15 26 11 21 29 19 3 0 17 28 
967,2.02537e+06,20 27 10 24 9 2 4 5 6 25 14 23 22 18 16 7 8 13 12 1 15 26 11 21 29 19 3 0 17 28 
968,2.02537e+06,20 27 10 24 9 2 4 5 6 25 14 23 22 18 16 7 8 13 12 1 15 26 11 21 29 19 3 0 17 28 
969,2.02537e+06,20 27 10 24 9 2 4 5 6 25 14 23 22 18 16 7 8 13 12 1 15 26 11 21 29 19 3 0 17 28 
970,2.02537e+06,20 27 10 24 9 2 4 5 6 25 14 23 22 18 16 7 8 13 12 1 15 26 11 21 29 19 3 0 17 28 
971,2.02537e+06,20 27 10 24 9 2 4 5 6 25 14 23 22 18 16 7 8 13 12 1 15 26 11 21 29 19 3 0 17 28 
972,2.02537e+06,20 27 10 24 9 2 4 5 6 25 14 23 22 18 16 7 8 13 12 1 15 26 11 21 29 19 3 0 17 28 
973,2.02537e+06,20 27 10 24 9 2 4 5 6 25 14 23 22 18 16 7 8 13 12 1 15 26 11 21 29 19 3 0 17 28 
974,2.02537e+06,20 27 10 24 9 2 4 5 6 25 14 23 22 18 16 7 8 13 12 1 15 26 11 21 29 19 3 0 17 28 
975,2.02537e+06,20 27 10 24 9 2 4 5 6 25 14 23 22 18 16 7 8 13 12 1 15 26 11 21 29 19 3 0 17 28 
976,2.02537e+06,20 27 10 24 9 2 4 5 6 25 14 23 22 18 16 7 8 13 12 1 15 26 11 21 29 19 3 0 17 28 
977,2.02537e+06,20 27 10 24 9 2 4 5 6 25 14 23 22 18 16 7 8 13 12 1 15 26 11 21 29 19 3 0 17 28 
978,2.02537e+06,20 27 10 24 9 2 4 5 6 25 14 23 22 18 16 7 8 13 12 1 15 26 11 21 29 19 3 0 17 28 
979,2.02537e+06,20 27 10 24 9 2 4 5 6 25 14 23 22 18 16 7 8 13 12 1 15 26 11 21 29 19 3 0 17 28 
980,2.02537e+06,20 27 10 24 9 2 4 5 6 25 14 23 22 18 16 7 8 13 12 1 15 26 11 21 29 19 3 0 17 28 
981,2.02537e+06,20 27 10 24 9 2 4 5 6 25 14 23 22 18 16 7 8 13 12 1 15 26 11 21 29 19 3 0 17 28 
982,2.02537e+06,20 27 10 24 9 2 4 5 6 25 14 23 22 18 16 7 8 13 12 1 15 26 11 21 29 19 3 0 17 28 
983,2.02537e+06,20 27 10 24 9 2 4 5 6 25 14 23 22 18 16 7 8 13 12 1 15 26 11 21 29 19 3 0 17 28 
984,2.02537e+06,20 27 10 24 9 2 4 5 6 25 14 23 22 18 16 7 8 13 12 1 15 26 11 21 29 19 3 0 17 28 
985,2.02537e+06,20 27 10 24 9 2 4 5 6 25 14 23 22 18 16 7 8 13 12 1 15 26 11 21 29 19 3 0 17 28 
986,2.02537e+06,20 27 10 24 9 2 4 5 6 25 14 23 22 18 16 7 8 13 12 1 15 26 11 21 29 19 3 0 17 28 
987,2.02537e+06,20 27 10 24 9 2 4 5 6 25 14 23 22 18 16 7 8 13 12 1 15 26 11 21 29 19 3 0 17 28 
988,2.02537e+06,20 27 10 24 9 2 4 5 6 25 14 23 22 18 16 7 8 13 12 1 15 26 11 21 29 19 3 0 17 28 
989,2.02537e+06,20 27 10 24 9 2 4 5 6 25 14 23 22 18 16 7 8 13 12 1 15 26 11 21 29 19 3 0 17 28 
990,2.02537e+06,20 27 10 24 9 2 4 5 6 25 14 23 22 18 16 7 8 13 12 1 15 26 11 21 29 19 3 0 17 28 
991,2.02537e+06,20 27 10 24 9 2 4 5 6 25 14 23 22 18 16 7 8 13 12 1 15 26 11 21 29 19 3 0 17 28 
992,2.02537e+06,20 27 10 24 9 2 4 5 6 25 14 23 22 18 16 7 8 13 12 1 15 26 11 21 29 19 3 0 17 28 
993,2.02537e+06,20 27 10 24 9 2 4 5 6 25 14 23 22 18 16 7 8 13 12 1 15 26 11 21 29 19 3 0 17 28 
994,2.02537e+06,20 27 10 24 9 2 4 5 6 25 14 23 22 18 16 7 8 13 12 1 15 26 11 21 29 19 3 0 17 28 
995,2.02537e+06,20 27 10 24 9 2 4 5 6 25 14 23 22 18 16 7 8 13 12 1 15 26 11 21 29 19 3 0 17 28 
996,2.02537e+06,20 27 10 24 9 2 4 5 6 25 14 23 22 18 16 7 8 13 12 1 15 26 11 21 29 19 3 0 17 28 
997,2.02537e+06,20 27 10 24 9 2 4 5 6 25 14 23 22 18 16 7 8 13 12 1 15 26 11 21 29 19 3 0 17 28 
998,2.02537e+06,20 27 10 24 9 2 4 5 6 25 14 23 22 18 16 7 8 13 12 1 15 26 11 21 29 19 3 0 17 28 
999,2.02537e+06,20 27 10 24 9 2 4 5 6 25 14 23 22 18 16 7 8 13 12 1 15 26 11 21 29 19 3 0 17 28 
